NLCS Object;NLCS Symbool;rvvCode;blackCode;zoneCode;Oplossing
VW-VERKEERSTEKEN_BORD_CATEGORIE_A;B-SVW-VERKEERSTEKEN_BORD_A01_005-SO;A1;5;;
VW-VERKEERSTEKEN_BORD_CATEGORIE_A;B-SVW-VERKEERSTEKEN_BORD_A01_010-SO;A1;10;;
VW-VERKEERSTEKEN_BORD_CATEGORIE_A;B-SVW-VERKEERSTEKEN_BORD_A01_015-SO;A1;15;;
VW-VERKEERSTEKEN_BORD_CATEGORIE_A;B-SVW-VERKEERSTEKEN_BORD_A01_020-SO;A1;20;;
VW-VERKEERSTEKEN_BORD_CATEGORIE_A;B-SVW-VERKEERSTEKEN_BORD_A01_025-SO;A1;25;;
VW-VERKEERSTEKEN_BORD_CATEGORIE_A;B-SVW-VERKEERSTEKEN_BORD_A01_030_ZB-SO;A1;30;ZB;
VW-VERKEERSTEKEN_BORD_CATEGORIE_A;B-SVW-VERKEERSTEKEN_BORD_A01_030-SO;A1;30;;
VW-VERKEERSTEKEN_BORD_CATEGORIE_A;B-SVW-VERKEERSTEKEN_BORD_A01_050_ZH-SO;A1;30;ZH;
VW-VERKEERSTEKEN_BORD_CATEGORIE_A;B-SVW-VERKEERSTEKEN_BORD_A01_060-SO;A1;50;;
VW-VERKEERSTEKEN_BORD_CATEGORIE_A;B-SVW-VERKEERSTEKEN_BORD_A01_060_ZB-SO;A1;60;ZB;
VW-VERKEERSTEKEN_BORD_CATEGORIE_A;B-SVW-VERKEERSTEKEN_BORD_A01_060-SO;A1;60;;
VW-VERKEERSTEKEN_BORD_CATEGORIE_A;B-SVW-VERKEERSTEKEN_BORD_A01_060_ZH-SO;A1;60;ZH;
VW-VERKEERSTEKEN_BORD_CATEGORIE_A;B-SVW-VERKEERSTEKEN_BORD_A01_070-SO;A1;70;;
VW-VERKEERSTEKEN_BORD_CATEGORIE_A;B-SVW-VERKEERSTEKEN_BORD_A01_080-SO;A1;80;;
VW-VERKEERSTEKEN_BORD_CATEGORIE_A;B-SVW-VERKEERSTEKEN_BORD_A01_090-SO;A1;90;;
VW-VERKEERSTEKEN_BORD_CATEGORIE_A;B-SVW-VERKEERSTEKEN_BORD_A01_100-SO;A1;100;;
VW-VERKEERSTEKEN_BORD_CATEGORIE_A;B-SVW-VERKEERSTEKEN_BORD_A01_120-SO;A1;120;;
VW-VERKEERSTEKEN_BORD_CATEGORIE_A;B-SVW-VERKEERSTEKEN_BORD_A01_130-SO;A1;130;;
VW-VERKEERSTEKEN_BORD_CATEGORIE_A;B-SVW-VERKEERSTEKEN_BORD_A02_015-SO;A2;15;;
VW-VERKEERSTEKEN_BORD_CATEGORIE_A;B-SVW-VERKEERSTEKEN_BORD_A02_030-SO;A2;30;;
VW-VERKEERSTEKEN_BORD_CATEGORIE_A;B-SVW-VERKEERSTEKEN_BORD_A02_030_ZE-SO;A2;30;ZE;
VW-VERKEERSTEKEN_BORD_CATEGORIE_A;B-SVW-VERKEERSTEKEN_BORD_A02_050-SO;A2;50;;
VW-VERKEERSTEKEN_BORD_CATEGORIE_A;B-SVW-VERKEERSTEKEN_BORD_A02_060-SO;A2;60;;
VW-VERKEERSTEKEN_BORD_CATEGORIE_A;B-SVW-VERKEERSTEKEN_BORD_A02_060_ZE-SO;A2;60;ZE;
VW-VERKEERSTEKEN_BORD_CATEGORIE_A;B-SVW-VERKEERSTEKEN_BORD_A02_070-SO;A2;70;;
VW-VERKEERSTEKEN_BORD_CATEGORIE_A;B-SVW-VERKEERSTEKEN_BORD_A02_080-SO;A2;80;;
VW-VERKEERSTEKEN_BORD_CATEGORIE_A;B-SVW-VERKEERSTEKEN_BORD_A02_090-SO;A2;90;;
VW-VERKEERSTEKEN_BORD_CATEGORIE_A;B-SVW-VERKEERSTEKEN_BORD_A02-SO;A2;;;
VW-VERKEERSTEKEN_BORD_CATEGORIE_A;B-SVW-VERKEERSTEKEN_BORD_A04_030-SO;A4;30;;
VW-VERKEERSTEKEN_BORD_CATEGORIE_A;B-SVW-VERKEERSTEKEN_BORD_A04_040-SO;A4;40;;
VW-VERKEERSTEKEN_BORD_CATEGORIE_A;B-SVW-VERKEERSTEKEN_BORD_A04_050-SO;A4;50;;
VW-VERKEERSTEKEN_BORD_CATEGORIE_A;B-SVW-VERKEERSTEKEN_BORD_A04_060-SO;A4;60;;
VW-VERKEERSTEKEN_BORD_CATEGORIE_A;B-SVW-VERKEERSTEKEN_BORD_A04_070-SO;A4;70;;
VW-VERKEERSTEKEN_BORD_CATEGORIE_A;B-SVW-VERKEERSTEKEN_BORD_A04_080-SO;A4;80;;
VW-VERKEERSTEKEN_BORD_CATEGORIE_A;B-SVW-VERKEERSTEKEN_BORD_A04_090-SO;A4;90;;
VW-VERKEERSTEKEN_BORD_CATEGORIE_A;B-SVW-VERKEERSTEKEN_BORD_A05_030-SO;A5;30;;
VW-VERKEERSTEKEN_BORD_CATEGORIE_A;B-SVW-VERKEERSTEKEN_BORD_A05_040-SO;A5;40;;
VW-VERKEERSTEKEN_BORD_CATEGORIE_A;B-SVW-VERKEERSTEKEN_BORD_A05_050-SO;A5;50;;
VW-VERKEERSTEKEN_BORD_CATEGORIE_A;B-SVW-VERKEERSTEKEN_BORD_A05_060-SO;A5;60;;
VW-VERKEERSTEKEN_BORD_CATEGORIE_A;B-SVW-VERKEERSTEKEN_BORD_A05_070-SO;A5;70;;
VW-VERKEERSTEKEN_BORD_CATEGORIE_A;B-SVW-VERKEERSTEKEN_BORD_A05_080-SO;A5;80;;
VW-VERKEERSTEKEN_BORD_CATEGORIE_A;B-SVW-VERKEERSTEKEN_BORD_A05_090-SO;A5;90;;
VW-VERKEERSTEKEN_BORD_CATEGORIE_B;B-SVW-VERKEERSTEKEN_BORD_B01-SO;B1;;;
VW-VERKEERSTEKEN_BORD_CATEGORIE_B;B-SVW-VERKEERSTEKEN_BORD_B02-SO;B2;;;
VW-VERKEERSTEKEN_BORD_CATEGORIE_B;B-SVW-VERKEERSTEKEN_BORD_B03-SO;B3;;;
VW-VERKEERSTEKEN_BORD_CATEGORIE_B;B-SVW-VERKEERSTEKEN_BORD_B04-SO;B4;;;
VW-VERKEERSTEKEN_BORD_CATEGORIE_B;B-SVW-VERKEERSTEKEN_BORD_B05-SO;B5;;;
VW-VERKEERSTEKEN_BORD_CATEGORIE_B;B-SVW-VERKEERSTEKEN_BORD_B06_F_OB02_OB503-SO;B6;B060B5030B02f;;
VW-VERKEERSTEKEN_BORD_CATEGORIE_B;B-SVW-VERKEERSTEKEN_BORD_B06-SO;B6;;;
VW-VERKEERSTEKEN_BORD_CATEGORIE_B;B-SVW-VERKEERSTEKEN_BORD_B07-SO;B7;;;
VW-VERKEERSTEKEN_BORD_CATEGORIE_C;B-SVW-VERKEERSTEKEN_BORD_C01-SO;C1;;;
VW-VERKEERSTEKEN_BORD_CATEGORIE_C;B-SVW-VERKEERSTEKEN_BORD_C10-SO;C10;;;
VW-VERKEERSTEKEN_BORD_CATEGORIE_C;B-SVW-VERKEERSTEKEN_BORD_C11-SO;C11;;;
VW-VERKEERSTEKEN_BORD_CATEGORIE_C;B-SVW-VERKEERSTEKEN_BORD_C12_ZB-SO;C12;;ZB;
VW-VERKEERSTEKEN_BORD_CATEGORIE_C;B-SVW-VERKEERSTEKEN_BORD_C12_ZE-SO;C12;;ZE;
VW-VERKEERSTEKEN_BORD_CATEGORIE_C;B-SVW-VERKEERSTEKEN_BORD_C12-SO;C12;;;
VW-VERKEERSTEKEN_BORD_CATEGORIE_C;B-SVW-VERKEERSTEKEN_BORD_C13-SO;C13;;;
VW-VERKEERSTEKEN_BORD_CATEGORIE_C;B-SVW-VERKEERSTEKEN_BORD_C14-SO;C14;;;
VW-VERKEERSTEKEN_BORD_CATEGORIE_C;B-SVW-VERKEERSTEKEN_BORD_C15-SO;C15;;;
VW-VERKEERSTEKEN_BORD_CATEGORIE_C;B-SVW-VERKEERSTEKEN_BORD_C16_-SO;C16;;;
VW-VERKEERSTEKEN_BORD_CATEGORIE_C;B-SVW-VERKEERSTEKEN_BORD_C17-SO;C17;1;;Oplossen met afstemming informatiemodel, voorlopig oplossen in software
VW-VERKEERSTEKEN_BORD_CATEGORIE_C;B-SVW-VERKEERSTEKEN_BORD_C17-SO;C17;5;;Oplossen met afstemming informatiemodel, voorlopig oplossen in software
VW-VERKEERSTEKEN_BORD_CATEGORIE_C;B-SVW-VERKEERSTEKEN_BORD_C17-SO;C17;6;;Oplossen met afstemming informatiemodel, voorlopig oplossen in software
VW-VERKEERSTEKEN_BORD_CATEGORIE_C;B-SVW-VERKEERSTEKEN_BORD_C17-SO;C17;7;;Oplossen met afstemming informatiemodel, voorlopig oplossen in software
VW-VERKEERSTEKEN_BORD_CATEGORIE_C;B-SVW-VERKEERSTEKEN_BORD_C17-SO;C17;8;;Oplossen met afstemming informatiemodel, voorlopig oplossen in software
VW-VERKEERSTEKEN_BORD_CATEGORIE_C;B-SVW-VERKEERSTEKEN_BORD_C17-SO;C17;9;;Oplossen met afstemming informatiemodel, voorlopig oplossen in software
VW-VERKEERSTEKEN_BORD_CATEGORIE_C;B-SVW-VERKEERSTEKEN_BORD_C17-SO;C17;10;;Oplossen met afstemming informatiemodel, voorlopig oplossen in software
VW-VERKEERSTEKEN_BORD_CATEGORIE_C;B-SVW-VERKEERSTEKEN_BORD_C17-SO;C17;11;;Oplossen met afstemming informatiemodel, voorlopig oplossen in software
VW-VERKEERSTEKEN_BORD_CATEGORIE_C;B-SVW-VERKEERSTEKEN_BORD_C17-SO;C17;12;;Oplossen met afstemming informatiemodel, voorlopig oplossen in software
VW-VERKEERSTEKEN_BORD_CATEGORIE_C;B-SVW-VERKEERSTEKEN_BORD_C17-SO;C17;13;;Oplossen met afstemming informatiemodel, voorlopig oplossen in software
VW-VERKEERSTEKEN_BORD_CATEGORIE_C;B-SVW-VERKEERSTEKEN_BORD_C17-SO;C17;14;;Oplossen met afstemming informatiemodel, voorlopig oplossen in software
VW-VERKEERSTEKEN_BORD_CATEGORIE_C;B-SVW-VERKEERSTEKEN_BORD_C17-SO;C17;15;;Oplossen met afstemming informatiemodel, voorlopig oplossen in software
VW-VERKEERSTEKEN_BORD_CATEGORIE_C;B-SVW-VERKEERSTEKEN_BORD_C17-SO;C17;16;;Oplossen met afstemming informatiemodel, voorlopig oplossen in software
VW-VERKEERSTEKEN_BORD_CATEGORIE_C;B-SVW-VERKEERSTEKEN_BORD_C17-SO;C17;17;;Oplossen met afstemming informatiemodel, voorlopig oplossen in software
VW-VERKEERSTEKEN_BORD_CATEGORIE_C;B-SVW-VERKEERSTEKEN_BORD_C17-SO;C17;18;;Oplossen met afstemming informatiemodel, voorlopig oplossen in software
VW-VERKEERSTEKEN_BORD_CATEGORIE_C;B-SVW-VERKEERSTEKEN_BORD_C17-SO;C17;19;;Oplossen met afstemming informatiemodel, voorlopig oplossen in software
VW-VERKEERSTEKEN_BORD_CATEGORIE_C;B-SVW-VERKEERSTEKEN_BORD_C17-SO;C17;1.1;;Oplossen met afstemming informatiemodel, voorlopig oplossen in software
VW-VERKEERSTEKEN_BORD_CATEGORIE_C;B-SVW-VERKEERSTEKEN_BORD_C17-SO;C17;1.5;;Oplossen met afstemming informatiemodel, voorlopig oplossen in software
VW-VERKEERSTEKEN_BORD_CATEGORIE_C;B-SVW-VERKEERSTEKEN_BORD_C17_ZB-SO;C17;10.0;ZB;Oplossen met afstemming informatiemodel, voorlopig oplossen in software
VW-VERKEERSTEKEN_BORD_CATEGORIE_C;B-SVW-VERKEERSTEKEN_BORD_C17-SO;C17;10.0;;Oplossen met afstemming informatiemodel, voorlopig oplossen in software
VW-VERKEERSTEKEN_BORD_CATEGORIE_C;B-SVW-VERKEERSTEKEN_BORD_C17_ZE-SO;C17;10.0;ZE;Oplossen met afstemming informatiemodel, voorlopig oplossen in software
VW-VERKEERSTEKEN_BORD_CATEGORIE_C;B-SVW-VERKEERSTEKEN_BORD_C17-SO;C17;10.4;;Oplossen met afstemming informatiemodel, voorlopig oplossen in software
VW-VERKEERSTEKEN_BORD_CATEGORIE_C;B-SVW-VERKEERSTEKEN_BORD_C17-SO;C17;10.5;;Oplossen met afstemming informatiemodel, voorlopig oplossen in software
VW-VERKEERSTEKEN_BORD_CATEGORIE_C;B-SVW-VERKEERSTEKEN_BORD_C17-SO;C17;11.0;;Oplossen met afstemming informatiemodel, voorlopig oplossen in software
VW-VERKEERSTEKEN_BORD_CATEGORIE_C;B-SVW-VERKEERSTEKEN_BORD_C17_ZE-SO;C17;11.0;ZE;Oplossen met afstemming informatiemodel, voorlopig oplossen in software
VW-VERKEERSTEKEN_BORD_CATEGORIE_C;B-SVW-VERKEERSTEKEN_BORD_C17_ZB-SO;C17;12.0;ZB;Oplossen met afstemming informatiemodel, voorlopig oplossen in software
VW-VERKEERSTEKEN_BORD_CATEGORIE_C;B-SVW-VERKEERSTEKEN_BORD_C17_ZE-SO;C17;12.0;ZE;Oplossen met afstemming informatiemodel, voorlopig oplossen in software
VW-VERKEERSTEKEN_BORD_CATEGORIE_C;B-SVW-VERKEERSTEKEN_BORD_C17-SO;C17;12.0;;Oplossen met afstemming informatiemodel, voorlopig oplossen in software
VW-VERKEERSTEKEN_BORD_CATEGORIE_C;B-SVW-VERKEERSTEKEN_BORD_C17-SO;C17;12.5;;Oplossen met afstemming informatiemodel, voorlopig oplossen in software
VW-VERKEERSTEKEN_BORD_CATEGORIE_C;B-SVW-VERKEERSTEKEN_BORD_C17-SO;C17;13.0;;Oplossen met afstemming informatiemodel, voorlopig oplossen in software
VW-VERKEERSTEKEN_BORD_CATEGORIE_C;B-SVW-VERKEERSTEKEN_BORD_C17-SO;C17;13.5;;Oplossen met afstemming informatiemodel, voorlopig oplossen in software
VW-VERKEERSTEKEN_BORD_CATEGORIE_C;B-SVW-VERKEERSTEKEN_BORD_C17-SO;C17;14.0;;Oplossen met afstemming informatiemodel, voorlopig oplossen in software
VW-VERKEERSTEKEN_BORD_CATEGORIE_C;B-SVW-VERKEERSTEKEN_BORD_C17-SO;C17;14.5;;Oplossen met afstemming informatiemodel, voorlopig oplossen in software
VW-VERKEERSTEKEN_BORD_CATEGORIE_C;B-SVW-VERKEERSTEKEN_BORD_C17-SO;C17;15.0;;Oplossen met afstemming informatiemodel, voorlopig oplossen in software
VW-VERKEERSTEKEN_BORD_CATEGORIE_C;B-SVW-VERKEERSTEKEN_BORD_C17-SO;C17;16.5;;Oplossen met afstemming informatiemodel, voorlopig oplossen in software
VW-VERKEERSTEKEN_BORD_CATEGORIE_C;B-SVW-VERKEERSTEKEN_BORD_C17_ZE-SO;C17;17.0;ZE;Oplossen met afstemming informatiemodel, voorlopig oplossen in software
VW-VERKEERSTEKEN_BORD_CATEGORIE_C;B-SVW-VERKEERSTEKEN_BORD_C17-SO;C17;18.75;;Oplossen met afstemming informatiemodel, voorlopig oplossen in software
VW-VERKEERSTEKEN_BORD_CATEGORIE_C;B-SVW-VERKEERSTEKEN_BORD_C17-SO;C17;2.2;;Oplossen met afstemming informatiemodel, voorlopig oplossen in software
VW-VERKEERSTEKEN_BORD_CATEGORIE_C;B-SVW-VERKEERSTEKEN_BORD_C17-SO;C17;2.5;;Oplossen met afstemming informatiemodel, voorlopig oplossen in software
VW-VERKEERSTEKEN_BORD_CATEGORIE_C;B-SVW-VERKEERSTEKEN_BORD_C17-SO;C17;2.6;;Oplossen met afstemming informatiemodel, voorlopig oplossen in software
VW-VERKEERSTEKEN_BORD_CATEGORIE_C;B-SVW-VERKEERSTEKEN_BORD_C17-SO;C17;4.5;;Oplossen met afstemming informatiemodel, voorlopig oplossen in software
VW-VERKEERSTEKEN_BORD_CATEGORIE_C;B-SVW-VERKEERSTEKEN_BORD_C17-SO;C17;5.0;;Oplossen met afstemming informatiemodel, voorlopig oplossen in software
VW-VERKEERSTEKEN_BORD_CATEGORIE_C;B-SVW-VERKEERSTEKEN_BORD_C17-SO;C17;5.5;;Oplossen met afstemming informatiemodel, voorlopig oplossen in software
VW-VERKEERSTEKEN_BORD_CATEGORIE_C;B-SVW-VERKEERSTEKEN_BORD_C17-SO;C17;6.0;;Oplossen met afstemming informatiemodel, voorlopig oplossen in software
VW-VERKEERSTEKEN_BORD_CATEGORIE_C;B-SVW-VERKEERSTEKEN_BORD_C17-SO;C17;6.3;;Oplossen met afstemming informatiemodel, voorlopig oplossen in software
VW-VERKEERSTEKEN_BORD_CATEGORIE_C;B-SVW-VERKEERSTEKEN_BORD_C17-SO;C17;6.35;;Oplossen met afstemming informatiemodel, voorlopig oplossen in software
VW-VERKEERSTEKEN_BORD_CATEGORIE_C;B-SVW-VERKEERSTEKEN_BORD_C17-SO;C17;6.5;;Oplossen met afstemming informatiemodel, voorlopig oplossen in software
VW-VERKEERSTEKEN_BORD_CATEGORIE_C;B-SVW-VERKEERSTEKEN_BORD_C17-SO;C17;6.8;;Oplossen met afstemming informatiemodel, voorlopig oplossen in software
VW-VERKEERSTEKEN_BORD_CATEGORIE_C;B-SVW-VERKEERSTEKEN_BORD_C17-SO;C17;7.0;;Oplossen met afstemming informatiemodel, voorlopig oplossen in software
VW-VERKEERSTEKEN_BORD_CATEGORIE_C;B-SVW-VERKEERSTEKEN_BORD_C17-SO;C17;7.5;;Oplossen met afstemming informatiemodel, voorlopig oplossen in software
VW-VERKEERSTEKEN_BORD_CATEGORIE_C;B-SVW-VERKEERSTEKEN_BORD_C17-SO;C17;8.0;;Oplossen met afstemming informatiemodel, voorlopig oplossen in software
VW-VERKEERSTEKEN_BORD_CATEGORIE_C;B-SVW-VERKEERSTEKEN_BORD_C17-SO;C17;8.5;;Oplossen met afstemming informatiemodel, voorlopig oplossen in software
VW-VERKEERSTEKEN_BORD_CATEGORIE_C;B-SVW-VERKEERSTEKEN_BORD_C17_ZB-SO;C17;9.0;ZB;Oplossen met afstemming informatiemodel, voorlopig oplossen in software
VW-VERKEERSTEKEN_BORD_CATEGORIE_C;B-SVW-VERKEERSTEKEN_BORD_C17-SO;C17;9.0;;Oplossen met afstemming informatiemodel, voorlopig oplossen in software
VW-VERKEERSTEKEN_BORD_CATEGORIE_C;B-SVW-VERKEERSTEKEN_BORD_C17-SO;C17;9.4;;Oplossen met afstemming informatiemodel, voorlopig oplossen in software
VW-VERKEERSTEKEN_BORD_CATEGORIE_C;B-SVW-VERKEERSTEKEN_BORD_C17-SO;C17;9.5;;Oplossen met afstemming informatiemodel, voorlopig oplossen in software
VW-VERKEERSTEKEN_BORD_CATEGORIE_C;B-SVW-VERKEERSTEKEN_BORD_C17-SO;C17;;;
VW-VERKEERSTEKEN_BORD_CATEGORIE_C;B-SVW-VERKEERSTEKEN_BORD_C18-SO;C18;2;;Oplossen met afstemming informatiemodel, voorlopig oplossen in software
VW-VERKEERSTEKEN_BORD_CATEGORIE_C;B-SVW-VERKEERSTEKEN_BORD_C18-SO;C18;3;;Oplossen met afstemming informatiemodel, voorlopig oplossen in software
VW-VERKEERSTEKEN_BORD_CATEGORIE_C;B-SVW-VERKEERSTEKEN_BORD_C18-SO;C18;4;;Oplossen met afstemming informatiemodel, voorlopig oplossen in software
VW-VERKEERSTEKEN_BORD_CATEGORIE_C;B-SVW-VERKEERSTEKEN_BORD_C18-SO;C18;14;;Oplossen met afstemming informatiemodel, voorlopig oplossen in software
VW-VERKEERSTEKEN_BORD_CATEGORIE_C;B-SVW-VERKEERSTEKEN_BORD_C18-SO;C18;1.1;;Oplossen met afstemming informatiemodel, voorlopig oplossen in software
VW-VERKEERSTEKEN_BORD_CATEGORIE_C;B-SVW-VERKEERSTEKEN_BORD_C18-SO;C18;1.2;;Oplossen met afstemming informatiemodel, voorlopig oplossen in software
VW-VERKEERSTEKEN_BORD_CATEGORIE_C;B-SVW-VERKEERSTEKEN_BORD_C18-SO;C18;1.25;;Oplossen met afstemming informatiemodel, voorlopig oplossen in software
VW-VERKEERSTEKEN_BORD_CATEGORIE_C;B-SVW-VERKEERSTEKEN_BORD_C18-SO;C18;1.6;;Oplossen met afstemming informatiemodel, voorlopig oplossen in software
VW-VERKEERSTEKEN_BORD_CATEGORIE_C;B-SVW-VERKEERSTEKEN_BORD_C18-SO;C18;1.7;;Oplossen met afstemming informatiemodel, voorlopig oplossen in software
VW-VERKEERSTEKEN_BORD_CATEGORIE_C;B-SVW-VERKEERSTEKEN_BORD_C18-SO;C18;1.75;;Oplossen met afstemming informatiemodel, voorlopig oplossen in software
VW-VERKEERSTEKEN_BORD_CATEGORIE_C;B-SVW-VERKEERSTEKEN_BORD_C18-SO;C18;1.8;;Oplossen met afstemming informatiemodel, voorlopig oplossen in software
VW-VERKEERSTEKEN_BORD_CATEGORIE_C;B-SVW-VERKEERSTEKEN_BORD_C18-SO;C18;1.85;;Oplossen met afstemming informatiemodel, voorlopig oplossen in software
VW-VERKEERSTEKEN_BORD_CATEGORIE_C;B-SVW-VERKEERSTEKEN_BORD_C18-SO;C18;1.9;;Oplossen met afstemming informatiemodel, voorlopig oplossen in software
VW-VERKEERSTEKEN_BORD_CATEGORIE_C;B-SVW-VERKEERSTEKEN_BORD_C18_ZE-SO;C18;1.9;ZE;Oplossen met afstemming informatiemodel, voorlopig oplossen in software
VW-VERKEERSTEKEN_BORD_CATEGORIE_C;B-SVW-VERKEERSTEKEN_BORD_C18-SO;C18;1.95;;Oplossen met afstemming informatiemodel, voorlopig oplossen in software
VW-VERKEERSTEKEN_BORD_CATEGORIE_C;B-SVW-VERKEERSTEKEN_BORD_C18-SO;C18;2.0;;Oplossen met afstemming informatiemodel, voorlopig oplossen in software
VW-VERKEERSTEKEN_BORD_CATEGORIE_C;B-SVW-VERKEERSTEKEN_BORD_C18-SO;C18;2.05;;Oplossen met afstemming informatiemodel, voorlopig oplossen in software
VW-VERKEERSTEKEN_BORD_CATEGORIE_C;B-SVW-VERKEERSTEKEN_BORD_C18-SO;C18;2.1;;Oplossen met afstemming informatiemodel, voorlopig oplossen in software
VW-VERKEERSTEKEN_BORD_CATEGORIE_C;B-SVW-VERKEERSTEKEN_BORD_C18-SO;C18;2.18;;Oplossen met afstemming informatiemodel, voorlopig oplossen in software
VW-VERKEERSTEKEN_BORD_CATEGORIE_C;B-SVW-VERKEERSTEKEN_BORD_C18-SO;C18;2.2;;Oplossen met afstemming informatiemodel, voorlopig oplossen in software
VW-VERKEERSTEKEN_BORD_CATEGORIE_C;B-SVW-VERKEERSTEKEN_BORD_C18_ZE-SO;C18;2.2;ZE;Oplossen met afstemming informatiemodel, voorlopig oplossen in software
VW-VERKEERSTEKEN_BORD_CATEGORIE_C;B-SVW-VERKEERSTEKEN_BORD_C18-SO;C18;2.3;;Oplossen met afstemming informatiemodel, voorlopig oplossen in software
VW-VERKEERSTEKEN_BORD_CATEGORIE_C;B-SVW-VERKEERSTEKEN_BORD_C18-SO;C18;2.4;;Oplossen met afstemming informatiemodel, voorlopig oplossen in software
VW-VERKEERSTEKEN_BORD_CATEGORIE_C;B-SVW-VERKEERSTEKEN_BORD_C18-SO;C18;2.5;;Oplossen met afstemming informatiemodel, voorlopig oplossen in software
VW-VERKEERSTEKEN_BORD_CATEGORIE_C;B-SVW-VERKEERSTEKEN_BORD_C18_ZE-SO;C18;2.5;ZE;Oplossen met afstemming informatiemodel, voorlopig oplossen in software
VW-VERKEERSTEKEN_BORD_CATEGORIE_C;B-SVW-VERKEERSTEKEN_BORD_C18-SO;C18;2.55;;Oplossen met afstemming informatiemodel, voorlopig oplossen in software
VW-VERKEERSTEKEN_BORD_CATEGORIE_C;B-SVW-VERKEERSTEKEN_BORD_C18-SO;C18;2.6;;Oplossen met afstemming informatiemodel, voorlopig oplossen in software
VW-VERKEERSTEKEN_BORD_CATEGORIE_C;B-SVW-VERKEERSTEKEN_BORD_C18-SO;C18;2.7;;Oplossen met afstemming informatiemodel, voorlopig oplossen in software
VW-VERKEERSTEKEN_BORD_CATEGORIE_C;B-SVW-VERKEERSTEKEN_BORD_C18-SO;C18;2.75;;Oplossen met afstemming informatiemodel, voorlopig oplossen in software
VW-VERKEERSTEKEN_BORD_CATEGORIE_C;B-SVW-VERKEERSTEKEN_BORD_C18-SO;C18;2.8;;Oplossen met afstemming informatiemodel, voorlopig oplossen in software
VW-VERKEERSTEKEN_BORD_CATEGORIE_C;B-SVW-VERKEERSTEKEN_BORD_C18-SO;C18;2.9;;Oplossen met afstemming informatiemodel, voorlopig oplossen in software
VW-VERKEERSTEKEN_BORD_CATEGORIE_C;B-SVW-VERKEERSTEKEN_BORD_C18-SO;C18;21.0;;Oplossen met afstemming informatiemodel, voorlopig oplossen in software
VW-VERKEERSTEKEN_BORD_CATEGORIE_C;B-SVW-VERKEERSTEKEN_BORD_C18-SO;C18;22.0;;Oplossen met afstemming informatiemodel, voorlopig oplossen in software
VW-VERKEERSTEKEN_BORD_CATEGORIE_C;B-SVW-VERKEERSTEKEN_BORD_C18-SO;C18;3.0;;Oplossen met afstemming informatiemodel, voorlopig oplossen in software
VW-VERKEERSTEKEN_BORD_CATEGORIE_C;B-SVW-VERKEERSTEKEN_BORD_C18-SO;C18;3.1;;Oplossen met afstemming informatiemodel, voorlopig oplossen in software
VW-VERKEERSTEKEN_BORD_CATEGORIE_C;B-SVW-VERKEERSTEKEN_BORD_C18-SO;C18;3.2;;Oplossen met afstemming informatiemodel, voorlopig oplossen in software
VW-VERKEERSTEKEN_BORD_CATEGORIE_C;B-SVW-VERKEERSTEKEN_BORD_C18-SO;C18;3.25;;Oplossen met afstemming informatiemodel, voorlopig oplossen in software
VW-VERKEERSTEKEN_BORD_CATEGORIE_C;B-SVW-VERKEERSTEKEN_BORD_C18-SO;C18;3.3;;Oplossen met afstemming informatiemodel, voorlopig oplossen in software
VW-VERKEERSTEKEN_BORD_CATEGORIE_C;B-SVW-VERKEERSTEKEN_BORD_C18-SO;C18;3.4;;Oplossen met afstemming informatiemodel, voorlopig oplossen in software
VW-VERKEERSTEKEN_BORD_CATEGORIE_C;B-SVW-VERKEERSTEKEN_BORD_C18-SO;C18;3.5;;Oplossen met afstemming informatiemodel, voorlopig oplossen in software
VW-VERKEERSTEKEN_BORD_CATEGORIE_C;B-SVW-VERKEERSTEKEN_BORD_C18-SO;C18;3.6;;Oplossen met afstemming informatiemodel, voorlopig oplossen in software
VW-VERKEERSTEKEN_BORD_CATEGORIE_C;B-SVW-VERKEERSTEKEN_BORD_C18-SO;C18;3.7;;Oplossen met afstemming informatiemodel, voorlopig oplossen in software
VW-VERKEERSTEKEN_BORD_CATEGORIE_C;B-SVW-VERKEERSTEKEN_BORD_C18-SO;C18;3.75;;Oplossen met afstemming informatiemodel, voorlopig oplossen in software
VW-VERKEERSTEKEN_BORD_CATEGORIE_C;B-SVW-VERKEERSTEKEN_BORD_C18-SO;C18;4.0;;Oplossen met afstemming informatiemodel, voorlopig oplossen in software
VW-VERKEERSTEKEN_BORD_CATEGORIE_C;B-SVW-VERKEERSTEKEN_BORD_C18-SO;C18;4.1;;Oplossen met afstemming informatiemodel, voorlopig oplossen in software
VW-VERKEERSTEKEN_BORD_CATEGORIE_C;B-SVW-VERKEERSTEKEN_BORD_C18-SO;C18;4.2;;Oplossen met afstemming informatiemodel, voorlopig oplossen in software
VW-VERKEERSTEKEN_BORD_CATEGORIE_C;B-SVW-VERKEERSTEKEN_BORD_C18-SO;C18;4.3;;Oplossen met afstemming informatiemodel, voorlopig oplossen in software
VW-VERKEERSTEKEN_BORD_CATEGORIE_C;B-SVW-VERKEERSTEKEN_BORD_C18-SO;C18;4.5;;Oplossen met afstemming informatiemodel, voorlopig oplossen in software
VW-VERKEERSTEKEN_BORD_CATEGORIE_C;B-SVW-VERKEERSTEKEN_BORD_C18-SO;C18;4.8;;Oplossen met afstemming informatiemodel, voorlopig oplossen in software
VW-VERKEERSTEKEN_BORD_CATEGORIE_C;B-SVW-VERKEERSTEKEN_BORD_C18-SO;C18;5.0;;Oplossen met afstemming informatiemodel, voorlopig oplossen in software
VW-VERKEERSTEKEN_BORD_CATEGORIE_C;B-SVW-VERKEERSTEKEN_BORD_C18-SO;C18;;;
VW-VERKEERSTEKEN_BORD_CATEGORIE_C;B-SVW-VERKEERSTEKEN_BORD_C19-SO;C19;1;;Oplossen met afstemming informatiemodel, voorlopig oplossen in software
VW-VERKEERSTEKEN_BORD_CATEGORIE_C;B-SVW-VERKEERSTEKEN_BORD_C19-SO;C19;2;;Oplossen met afstemming informatiemodel, voorlopig oplossen in software
VW-VERKEERSTEKEN_BORD_CATEGORIE_C;B-SVW-VERKEERSTEKEN_BORD_C19-SO;C19;3;;Oplossen met afstemming informatiemodel, voorlopig oplossen in software
VW-VERKEERSTEKEN_BORD_CATEGORIE_C;B-SVW-VERKEERSTEKEN_BORD_C19-SO;C19;4;;Oplossen met afstemming informatiemodel, voorlopig oplossen in software
VW-VERKEERSTEKEN_BORD_CATEGORIE_C;B-SVW-VERKEERSTEKEN_BORD_C19-SO;C19;5;;Oplossen met afstemming informatiemodel, voorlopig oplossen in software
VW-VERKEERSTEKEN_BORD_CATEGORIE_C;B-SVW-VERKEERSTEKEN_BORD_C19-SO;C19;6;;Oplossen met afstemming informatiemodel, voorlopig oplossen in software
VW-VERKEERSTEKEN_BORD_CATEGORIE_C;B-SVW-VERKEERSTEKEN_BORD_C19-SO;C19;19;;Oplossen met afstemming informatiemodel, voorlopig oplossen in software
VW-VERKEERSTEKEN_BORD_CATEGORIE_C;B-SVW-VERKEERSTEKEN_BORD_C19-SO;C19;21;;Oplossen met afstemming informatiemodel, voorlopig oplossen in software
VW-VERKEERSTEKEN_BORD_CATEGORIE_C;B-SVW-VERKEERSTEKEN_BORD_C19-SO;C19;35;;Oplossen met afstemming informatiemodel, voorlopig oplossen in software
VW-VERKEERSTEKEN_BORD_CATEGORIE_C;B-SVW-VERKEERSTEKEN_BORD_C19-SO;C19;180;;Oplossen met afstemming informatiemodel, voorlopig oplossen in software
VW-VERKEERSTEKEN_BORD_CATEGORIE_C;B-SVW-VERKEERSTEKEN_BORD_C19-SO;C19;210;;Oplossen met afstemming informatiemodel, voorlopig oplossen in software
VW-VERKEERSTEKEN_BORD_CATEGORIE_C;B-SVW-VERKEERSTEKEN_BORD_C19-SO;C19;250;;Oplossen met afstemming informatiemodel, voorlopig oplossen in software
VW-VERKEERSTEKEN_BORD_CATEGORIE_C;B-SVW-VERKEERSTEKEN_BORD_C19-SO;C19;340;;Oplossen met afstemming informatiemodel, voorlopig oplossen in software
VW-VERKEERSTEKEN_BORD_CATEGORIE_C;B-SVW-VERKEERSTEKEN_BORD_C19-SO;C19;1.5;;Oplossen met afstemming informatiemodel, voorlopig oplossen in software
VW-VERKEERSTEKEN_BORD_CATEGORIE_C;B-SVW-VERKEERSTEKEN_BORD_C19-SO;C19;1.6;;Oplossen met afstemming informatiemodel, voorlopig oplossen in software
VW-VERKEERSTEKEN_BORD_CATEGORIE_C;B-SVW-VERKEERSTEKEN_BORD_C19-SO;C19;1.7;;Oplossen met afstemming informatiemodel, voorlopig oplossen in software
VW-VERKEERSTEKEN_BORD_CATEGORIE_C;B-SVW-VERKEERSTEKEN_BORD_C19-SO;C19;1.8;;Oplossen met afstemming informatiemodel, voorlopig oplossen in software
VW-VERKEERSTEKEN_BORD_CATEGORIE_C;B-SVW-VERKEERSTEKEN_BORD_C19-SO;C19;1.85;;Oplossen met afstemming informatiemodel, voorlopig oplossen in software
VW-VERKEERSTEKEN_BORD_CATEGORIE_C;B-SVW-VERKEERSTEKEN_BORD_C19-SO;C19;1.9;;Oplossen met afstemming informatiemodel, voorlopig oplossen in software
VW-VERKEERSTEKEN_BORD_CATEGORIE_C;B-SVW-VERKEERSTEKEN_BORD_C19-SO;C19;1.95;;Oplossen met afstemming informatiemodel, voorlopig oplossen in software
VW-VERKEERSTEKEN_BORD_CATEGORIE_C;B-SVW-VERKEERSTEKEN_BORD_C19-SO;C19;2.0;;Oplossen met afstemming informatiemodel, voorlopig oplossen in software
VW-VERKEERSTEKEN_BORD_CATEGORIE_C;B-SVW-VERKEERSTEKEN_BORD_C19-SO;C19;2.05;;Oplossen met afstemming informatiemodel, voorlopig oplossen in software
VW-VERKEERSTEKEN_BORD_CATEGORIE_C;B-SVW-VERKEERSTEKEN_BORD_C19-SO;C19;2.07;;Oplossen met afstemming informatiemodel, voorlopig oplossen in software
VW-VERKEERSTEKEN_BORD_CATEGORIE_C;B-SVW-VERKEERSTEKEN_BORD_C19-SO;C19;2.1;;Oplossen met afstemming informatiemodel, voorlopig oplossen in software
VW-VERKEERSTEKEN_BORD_CATEGORIE_C;B-SVW-VERKEERSTEKEN_BORD_C19-SO;C19;2.15;;Oplossen met afstemming informatiemodel, voorlopig oplossen in software
VW-VERKEERSTEKEN_BORD_CATEGORIE_C;B-SVW-VERKEERSTEKEN_BORD_C19-SO;C19;2.2;;Oplossen met afstemming informatiemodel, voorlopig oplossen in software
VW-VERKEERSTEKEN_BORD_CATEGORIE_C;B-SVW-VERKEERSTEKEN_BORD_C19-SO;C19;2.25;;Oplossen met afstemming informatiemodel, voorlopig oplossen in software
VW-VERKEERSTEKEN_BORD_CATEGORIE_C;B-SVW-VERKEERSTEKEN_BORD_C19-SO;C19;2.26;;Oplossen met afstemming informatiemodel, voorlopig oplossen in software
VW-VERKEERSTEKEN_BORD_CATEGORIE_C;B-SVW-VERKEERSTEKEN_BORD_C19-SO;C19;2.3;;Oplossen met afstemming informatiemodel, voorlopig oplossen in software
VW-VERKEERSTEKEN_BORD_CATEGORIE_C;B-SVW-VERKEERSTEKEN_BORD_C19-SO;C19;2.35;;Oplossen met afstemming informatiemodel, voorlopig oplossen in software
VW-VERKEERSTEKEN_BORD_CATEGORIE_C;B-SVW-VERKEERSTEKEN_BORD_C19-SO;C19;2.4;;Oplossen met afstemming informatiemodel, voorlopig oplossen in software
VW-VERKEERSTEKEN_BORD_CATEGORIE_C;B-SVW-VERKEERSTEKEN_BORD_C19-SO;C19;2.45;;Oplossen met afstemming informatiemodel, voorlopig oplossen in software
VW-VERKEERSTEKEN_BORD_CATEGORIE_C;B-SVW-VERKEERSTEKEN_BORD_C19-SO;C19;2.5;;Oplossen met afstemming informatiemodel, voorlopig oplossen in software
VW-VERKEERSTEKEN_BORD_CATEGORIE_C;B-SVW-VERKEERSTEKEN_BORD_C19-SO;C19;2.51;;Oplossen met afstemming informatiemodel, voorlopig oplossen in software
VW-VERKEERSTEKEN_BORD_CATEGORIE_C;B-SVW-VERKEERSTEKEN_BORD_C19-SO;C19;2.55;;Oplossen met afstemming informatiemodel, voorlopig oplossen in software
VW-VERKEERSTEKEN_BORD_CATEGORIE_C;B-SVW-VERKEERSTEKEN_BORD_C19-SO;C19;2.6;;Oplossen met afstemming informatiemodel, voorlopig oplossen in software
VW-VERKEERSTEKEN_BORD_CATEGORIE_C;B-SVW-VERKEERSTEKEN_BORD_C19-SO;C19;2.65;;Oplossen met afstemming informatiemodel, voorlopig oplossen in software
VW-VERKEERSTEKEN_BORD_CATEGORIE_C;B-SVW-VERKEERSTEKEN_BORD_C19-SO;C19;2.7;;Oplossen met afstemming informatiemodel, voorlopig oplossen in software
VW-VERKEERSTEKEN_BORD_CATEGORIE_C;B-SVW-VERKEERSTEKEN_BORD_C19-SO;C19;2.75;;Oplossen met afstemming informatiemodel, voorlopig oplossen in software
VW-VERKEERSTEKEN_BORD_CATEGORIE_C;B-SVW-VERKEERSTEKEN_BORD_C19-SO;C19;2.8;;Oplossen met afstemming informatiemodel, voorlopig oplossen in software
VW-VERKEERSTEKEN_BORD_CATEGORIE_C;B-SVW-VERKEERSTEKEN_BORD_C19-SO;C19;2.85;;Oplossen met afstemming informatiemodel, voorlopig oplossen in software
VW-VERKEERSTEKEN_BORD_CATEGORIE_C;B-SVW-VERKEERSTEKEN_BORD_C19-SO;C19;2.9;;Oplossen met afstemming informatiemodel, voorlopig oplossen in software
VW-VERKEERSTEKEN_BORD_CATEGORIE_C;B-SVW-VERKEERSTEKEN_BORD_C19-SO;C19;24.0;;Oplossen met afstemming informatiemodel, voorlopig oplossen in software
VW-VERKEERSTEKEN_BORD_CATEGORIE_C;B-SVW-VERKEERSTEKEN_BORD_C19-SO;C19;3.0;;Oplossen met afstemming informatiemodel, voorlopig oplossen in software
VW-VERKEERSTEKEN_BORD_CATEGORIE_C;B-SVW-VERKEERSTEKEN_BORD_C19-SO;C19;3.05;;Oplossen met afstemming informatiemodel, voorlopig oplossen in software
VW-VERKEERSTEKEN_BORD_CATEGORIE_C;B-SVW-VERKEERSTEKEN_BORD_C19-SO;C19;3.1;;Oplossen met afstemming informatiemodel, voorlopig oplossen in software
VW-VERKEERSTEKEN_BORD_CATEGORIE_C;B-SVW-VERKEERSTEKEN_BORD_C19-SO;C19;3.15;;Oplossen met afstemming informatiemodel, voorlopig oplossen in software
VW-VERKEERSTEKEN_BORD_CATEGORIE_C;B-SVW-VERKEERSTEKEN_BORD_C19-SO;C19;3.2;;Oplossen met afstemming informatiemodel, voorlopig oplossen in software
VW-VERKEERSTEKEN_BORD_CATEGORIE_C;B-SVW-VERKEERSTEKEN_BORD_C19-SO;C19;3.25;;Oplossen met afstemming informatiemodel, voorlopig oplossen in software
VW-VERKEERSTEKEN_BORD_CATEGORIE_C;B-SVW-VERKEERSTEKEN_BORD_C19-SO;C19;3.3;;Oplossen met afstemming informatiemodel, voorlopig oplossen in software
VW-VERKEERSTEKEN_BORD_CATEGORIE_C;B-SVW-VERKEERSTEKEN_BORD_C19-SO;C19;3.4;;Oplossen met afstemming informatiemodel, voorlopig oplossen in software
VW-VERKEERSTEKEN_BORD_CATEGORIE_C;B-SVW-VERKEERSTEKEN_BORD_C19-SO;C19;3.45;;Oplossen met afstemming informatiemodel, voorlopig oplossen in software
VW-VERKEERSTEKEN_BORD_CATEGORIE_C;B-SVW-VERKEERSTEKEN_BORD_C19-SO;C19;3.48;;Oplossen met afstemming informatiemodel, voorlopig oplossen in software
VW-VERKEERSTEKEN_BORD_CATEGORIE_C;B-SVW-VERKEERSTEKEN_BORD_C19-SO;C19;3.5;;Oplossen met afstemming informatiemodel, voorlopig oplossen in software
VW-VERKEERSTEKEN_BORD_CATEGORIE_C;B-SVW-VERKEERSTEKEN_BORD_C19-SO;C19;3.55;;Oplossen met afstemming informatiemodel, voorlopig oplossen in software
VW-VERKEERSTEKEN_BORD_CATEGORIE_C;B-SVW-VERKEERSTEKEN_BORD_C19-SO;C19;3.6;;Oplossen met afstemming informatiemodel, voorlopig oplossen in software
VW-VERKEERSTEKEN_BORD_CATEGORIE_C;B-SVW-VERKEERSTEKEN_BORD_C19-SO;C19;3.65;;Oplossen met afstemming informatiemodel, voorlopig oplossen in software
VW-VERKEERSTEKEN_BORD_CATEGORIE_C;B-SVW-VERKEERSTEKEN_BORD_C19-SO;C19;3.7;;Oplossen met afstemming informatiemodel, voorlopig oplossen in software
VW-VERKEERSTEKEN_BORD_CATEGORIE_C;B-SVW-VERKEERSTEKEN_BORD_C19-SO;C19;3.75;;Oplossen met afstemming informatiemodel, voorlopig oplossen in software
VW-VERKEERSTEKEN_BORD_CATEGORIE_C;B-SVW-VERKEERSTEKEN_BORD_C19-SO;C19;3.8;;Oplossen met afstemming informatiemodel, voorlopig oplossen in software
VW-VERKEERSTEKEN_BORD_CATEGORIE_C;B-SVW-VERKEERSTEKEN_BORD_C19-SO;C19;3.85;;Oplossen met afstemming informatiemodel, voorlopig oplossen in software
VW-VERKEERSTEKEN_BORD_CATEGORIE_C;B-SVW-VERKEERSTEKEN_BORD_C19-SO;C19;3.9;;Oplossen met afstemming informatiemodel, voorlopig oplossen in software
VW-VERKEERSTEKEN_BORD_CATEGORIE_C;B-SVW-VERKEERSTEKEN_BORD_C19-SO;C19;3.95;;Oplossen met afstemming informatiemodel, voorlopig oplossen in software
VW-VERKEERSTEKEN_BORD_CATEGORIE_C;B-SVW-VERKEERSTEKEN_BORD_C19-SO;C19;4.0;;Oplossen met afstemming informatiemodel, voorlopig oplossen in software
VW-VERKEERSTEKEN_BORD_CATEGORIE_C;B-SVW-VERKEERSTEKEN_BORD_C19-SO;C19;4.05;;Oplossen met afstemming informatiemodel, voorlopig oplossen in software
VW-VERKEERSTEKEN_BORD_CATEGORIE_C;B-SVW-VERKEERSTEKEN_BORD_C19-SO;C19;4.1;;Oplossen met afstemming informatiemodel, voorlopig oplossen in software
VW-VERKEERSTEKEN_BORD_CATEGORIE_C;B-SVW-VERKEERSTEKEN_BORD_C19-SO;C19;4.15;;Oplossen met afstemming informatiemodel, voorlopig oplossen in software
VW-VERKEERSTEKEN_BORD_CATEGORIE_C;B-SVW-VERKEERSTEKEN_BORD_C19-SO;C19;4.2;;Oplossen met afstemming informatiemodel, voorlopig oplossen in software
VW-VERKEERSTEKEN_BORD_CATEGORIE_C;B-SVW-VERKEERSTEKEN_BORD_C19-SO;C19;4.25;;Oplossen met afstemming informatiemodel, voorlopig oplossen in software
VW-VERKEERSTEKEN_BORD_CATEGORIE_C;B-SVW-VERKEERSTEKEN_BORD_C19-SO;C19;4.3;;Oplossen met afstemming informatiemodel, voorlopig oplossen in software
VW-VERKEERSTEKEN_BORD_CATEGORIE_C;B-SVW-VERKEERSTEKEN_BORD_C19-SO;C19;4.35;;Oplossen met afstemming informatiemodel, voorlopig oplossen in software
VW-VERKEERSTEKEN_BORD_CATEGORIE_C;B-SVW-VERKEERSTEKEN_BORD_C19-SO;C19;4.4;;Oplossen met afstemming informatiemodel, voorlopig oplossen in software
VW-VERKEERSTEKEN_BORD_CATEGORIE_C;B-SVW-VERKEERSTEKEN_BORD_C19-SO;C19;4.5;;Oplossen met afstemming informatiemodel, voorlopig oplossen in software
VW-VERKEERSTEKEN_BORD_CATEGORIE_C;B-SVW-VERKEERSTEKEN_BORD_C19-SO;C19;4.6;;Oplossen met afstemming informatiemodel, voorlopig oplossen in software
VW-VERKEERSTEKEN_BORD_CATEGORIE_C;B-SVW-VERKEERSTEKEN_BORD_C19-SO;C19;4.65;;Oplossen met afstemming informatiemodel, voorlopig oplossen in software
VW-VERKEERSTEKEN_BORD_CATEGORIE_C;B-SVW-VERKEERSTEKEN_BORD_C19-SO;C19;4.7;;Oplossen met afstemming informatiemodel, voorlopig oplossen in software
VW-VERKEERSTEKEN_BORD_CATEGORIE_C;B-SVW-VERKEERSTEKEN_BORD_C19-SO;C19;4.75;;Oplossen met afstemming informatiemodel, voorlopig oplossen in software
VW-VERKEERSTEKEN_BORD_CATEGORIE_C;B-SVW-VERKEERSTEKEN_BORD_C19-SO;C19;4.8;;Oplossen met afstemming informatiemodel, voorlopig oplossen in software
VW-VERKEERSTEKEN_BORD_CATEGORIE_C;B-SVW-VERKEERSTEKEN_BORD_C19-SO;C19;4.9;;Oplossen met afstemming informatiemodel, voorlopig oplossen in software
VW-VERKEERSTEKEN_BORD_CATEGORIE_C;B-SVW-VERKEERSTEKEN_BORD_C19-SO;C19;5.1;;Oplossen met afstemming informatiemodel, voorlopig oplossen in software
VW-VERKEERSTEKEN_BORD_CATEGORIE_C;B-SVW-VERKEERSTEKEN_BORD_C19-SO;C19;5.2;;Oplossen met afstemming informatiemodel, voorlopig oplossen in software
VW-VERKEERSTEKEN_BORD_CATEGORIE_C;B-SVW-VERKEERSTEKEN_BORD_C19-SO;C19;5.3;;Oplossen met afstemming informatiemodel, voorlopig oplossen in software
VW-VERKEERSTEKEN_BORD_CATEGORIE_C;B-SVW-VERKEERSTEKEN_BORD_C19-SO;C19;5.5;;Oplossen met afstemming informatiemodel, voorlopig oplossen in software
VW-VERKEERSTEKEN_BORD_CATEGORIE_C;B-SVW-VERKEERSTEKEN_BORD_C19-SO;C19;6.2;;Oplossen met afstemming informatiemodel, voorlopig oplossen in software
VW-VERKEERSTEKEN_BORD_CATEGORIE_C;B-SVW-VERKEERSTEKEN_BORD_C19-SO;C19;7.5;;Oplossen met afstemming informatiemodel, voorlopig oplossen in software
VW-VERKEERSTEKEN_BORD_CATEGORIE_C;B-SVW-VERKEERSTEKEN_BORD_C19-SO;C19;;;
VW-VERKEERSTEKEN_BORD_CATEGORIE_C;B-SVW-VERKEERSTEKEN_BORD_C02-SO;C2;;;
VW-VERKEERSTEKEN_BORD_CATEGORIE_C;B-SVW-VERKEERSTEKEN_BORD_C20-SO;C20;0;;Oplossen met afstemming informatiemodel, voorlopig oplossen in software
VW-VERKEERSTEKEN_BORD_CATEGORIE_C;B-SVW-VERKEERSTEKEN_BORD_C20-SO;C20;1;;Oplossen met afstemming informatiemodel, voorlopig oplossen in software
VW-VERKEERSTEKEN_BORD_CATEGORIE_C;B-SVW-VERKEERSTEKEN_BORD_C20-SO;C20;2;;Oplossen met afstemming informatiemodel, voorlopig oplossen in software
VW-VERKEERSTEKEN_BORD_CATEGORIE_C;B-SVW-VERKEERSTEKEN_BORD_C20-SO;C20;3;;Oplossen met afstemming informatiemodel, voorlopig oplossen in software
VW-VERKEERSTEKEN_BORD_CATEGORIE_C;B-SVW-VERKEERSTEKEN_BORD_C20-SO;C20;4;;Oplossen met afstemming informatiemodel, voorlopig oplossen in software
VW-VERKEERSTEKEN_BORD_CATEGORIE_C;B-SVW-VERKEERSTEKEN_BORD_C20-SO;C20;5;;Oplossen met afstemming informatiemodel, voorlopig oplossen in software
VW-VERKEERSTEKEN_BORD_CATEGORIE_C;B-SVW-VERKEERSTEKEN_BORD_C20-SO;C20;6;;Oplossen met afstemming informatiemodel, voorlopig oplossen in software
VW-VERKEERSTEKEN_BORD_CATEGORIE_C;B-SVW-VERKEERSTEKEN_BORD_C20-SO;C20;7;;Oplossen met afstemming informatiemodel, voorlopig oplossen in software
VW-VERKEERSTEKEN_BORD_CATEGORIE_C;B-SVW-VERKEERSTEKEN_BORD_C20-SO;C20;8;;Oplossen met afstemming informatiemodel, voorlopig oplossen in software
VW-VERKEERSTEKEN_BORD_CATEGORIE_C;B-SVW-VERKEERSTEKEN_BORD_C20-SO;C20;9;;Oplossen met afstemming informatiemodel, voorlopig oplossen in software
VW-VERKEERSTEKEN_BORD_CATEGORIE_C;B-SVW-VERKEERSTEKEN_BORD_C20-SO;C20;10;;Oplossen met afstemming informatiemodel, voorlopig oplossen in software
VW-VERKEERSTEKEN_BORD_CATEGORIE_C;B-SVW-VERKEERSTEKEN_BORD_C20-SO;C20;11;;Oplossen met afstemming informatiemodel, voorlopig oplossen in software
VW-VERKEERSTEKEN_BORD_CATEGORIE_C;B-SVW-VERKEERSTEKEN_BORD_C20-SO;C20;12;;Oplossen met afstemming informatiemodel, voorlopig oplossen in software
VW-VERKEERSTEKEN_BORD_CATEGORIE_C;B-SVW-VERKEERSTEKEN_BORD_C20-SO;C20;13;;Oplossen met afstemming informatiemodel, voorlopig oplossen in software
VW-VERKEERSTEKEN_BORD_CATEGORIE_C;B-SVW-VERKEERSTEKEN_BORD_C20-SO;C20;15;;Oplossen met afstemming informatiemodel, voorlopig oplossen in software
VW-VERKEERSTEKEN_BORD_CATEGORIE_C;B-SVW-VERKEERSTEKEN_BORD_C20-SO;C20;19;;Oplossen met afstemming informatiemodel, voorlopig oplossen in software
VW-VERKEERSTEKEN_BORD_CATEGORIE_C;B-SVW-VERKEERSTEKEN_BORD_C20-SO;C20;20;;Oplossen met afstemming informatiemodel, voorlopig oplossen in software
VW-VERKEERSTEKEN_BORD_CATEGORIE_C;B-SVW-VERKEERSTEKEN_BORD_C20-SO;C20;0.3;;Oplossen met afstemming informatiemodel, voorlopig oplossen in software
VW-VERKEERSTEKEN_BORD_CATEGORIE_C;B-SVW-VERKEERSTEKEN_BORD_C20-SO;C20;0.4;;Oplossen met afstemming informatiemodel, voorlopig oplossen in software
VW-VERKEERSTEKEN_BORD_CATEGORIE_C;B-SVW-VERKEERSTEKEN_BORD_C20-SO;C20;0.5;;Oplossen met afstemming informatiemodel, voorlopig oplossen in software
VW-VERKEERSTEKEN_BORD_CATEGORIE_C;B-SVW-VERKEERSTEKEN_BORD_C20-SO;C20;0.6;;Oplossen met afstemming informatiemodel, voorlopig oplossen in software
VW-VERKEERSTEKEN_BORD_CATEGORIE_C;B-SVW-VERKEERSTEKEN_BORD_C20-SO;C20;0.8;;Oplossen met afstemming informatiemodel, voorlopig oplossen in software
VW-VERKEERSTEKEN_BORD_CATEGORIE_C;B-SVW-VERKEERSTEKEN_BORD_C20-SO;C20;0.85;;Oplossen met afstemming informatiemodel, voorlopig oplossen in software
VW-VERKEERSTEKEN_BORD_CATEGORIE_C;B-SVW-VERKEERSTEKEN_BORD_C20-SO;C20;0.95;;Oplossen met afstemming informatiemodel, voorlopig oplossen in software
VW-VERKEERSTEKEN_BORD_CATEGORIE_C;B-SVW-VERKEERSTEKEN_BORD_C20-SO;C20;1.0;;Oplossen met afstemming informatiemodel, voorlopig oplossen in software
VW-VERKEERSTEKEN_BORD_CATEGORIE_C;B-SVW-VERKEERSTEKEN_BORD_C20-SO;C20;1.1;;Oplossen met afstemming informatiemodel, voorlopig oplossen in software
VW-VERKEERSTEKEN_BORD_CATEGORIE_C;B-SVW-VERKEERSTEKEN_BORD_C20-SO;C20;1.2;;Oplossen met afstemming informatiemodel, voorlopig oplossen in software
VW-VERKEERSTEKEN_BORD_CATEGORIE_C;B-SVW-VERKEERSTEKEN_BORD_C20-SO;C20;1.25;;Oplossen met afstemming informatiemodel, voorlopig oplossen in software
VW-VERKEERSTEKEN_BORD_CATEGORIE_C;B-SVW-VERKEERSTEKEN_BORD_C20-SO;C20;1.3;;Oplossen met afstemming informatiemodel, voorlopig oplossen in software
VW-VERKEERSTEKEN_BORD_CATEGORIE_C;B-SVW-VERKEERSTEKEN_BORD_C20-SO;C20;1.4;;Oplossen met afstemming informatiemodel, voorlopig oplossen in software
VW-VERKEERSTEKEN_BORD_CATEGORIE_C;B-SVW-VERKEERSTEKEN_BORD_C20-SO;C20;1.5;;Oplossen met afstemming informatiemodel, voorlopig oplossen in software
VW-VERKEERSTEKEN_BORD_CATEGORIE_C;B-SVW-VERKEERSTEKEN_BORD_C20-SO;C20;1.6;;Oplossen met afstemming informatiemodel, voorlopig oplossen in software
VW-VERKEERSTEKEN_BORD_CATEGORIE_C;B-SVW-VERKEERSTEKEN_BORD_C20-SO;C20;1.7;;Oplossen met afstemming informatiemodel, voorlopig oplossen in software
VW-VERKEERSTEKEN_BORD_CATEGORIE_C;B-SVW-VERKEERSTEKEN_BORD_C20-SO;C20;1.75;;Oplossen met afstemming informatiemodel, voorlopig oplossen in software
VW-VERKEERSTEKEN_BORD_CATEGORIE_C;B-SVW-VERKEERSTEKEN_BORD_C20-SO;C20;1.8;;Oplossen met afstemming informatiemodel, voorlopig oplossen in software
VW-VERKEERSTEKEN_BORD_CATEGORIE_C;B-SVW-VERKEERSTEKEN_BORD_C20-SO;C20;10.0;;Oplossen met afstemming informatiemodel, voorlopig oplossen in software
VW-VERKEERSTEKEN_BORD_CATEGORIE_C;B-SVW-VERKEERSTEKEN_BORD_C20-SO;C20;11.0;;Oplossen met afstemming informatiemodel, voorlopig oplossen in software
VW-VERKEERSTEKEN_BORD_CATEGORIE_C;B-SVW-VERKEERSTEKEN_BORD_C20-SO;C20;11.5;;Oplossen met afstemming informatiemodel, voorlopig oplossen in software
VW-VERKEERSTEKEN_BORD_CATEGORIE_C;B-SVW-VERKEERSTEKEN_BORD_C20-SO;C20;12.0;;Oplossen met afstemming informatiemodel, voorlopig oplossen in software
VW-VERKEERSTEKEN_BORD_CATEGORIE_C;B-SVW-VERKEERSTEKEN_BORD_C20-SO;C20;14.4;;Oplossen met afstemming informatiemodel, voorlopig oplossen in software
VW-VERKEERSTEKEN_BORD_CATEGORIE_C;B-SVW-VERKEERSTEKEN_BORD_C20-SO;C20;15.0;;Oplossen met afstemming informatiemodel, voorlopig oplossen in software
VW-VERKEERSTEKEN_BORD_CATEGORIE_C;B-SVW-VERKEERSTEKEN_BORD_C20-SO;C20;2.0;;Oplossen met afstemming informatiemodel, voorlopig oplossen in software
VW-VERKEERSTEKEN_BORD_CATEGORIE_C;B-SVW-VERKEERSTEKEN_BORD_C20-SO;C20;2.1;;Oplossen met afstemming informatiemodel, voorlopig oplossen in software
VW-VERKEERSTEKEN_BORD_CATEGORIE_C;B-SVW-VERKEERSTEKEN_BORD_C20-SO;C20;2.2;;Oplossen met afstemming informatiemodel, voorlopig oplossen in software
VW-VERKEERSTEKEN_BORD_CATEGORIE_C;B-SVW-VERKEERSTEKEN_BORD_C20-SO;C20;2.3;;Oplossen met afstemming informatiemodel, voorlopig oplossen in software
VW-VERKEERSTEKEN_BORD_CATEGORIE_C;B-SVW-VERKEERSTEKEN_BORD_C20-SO;C20;2.4;;Oplossen met afstemming informatiemodel, voorlopig oplossen in software
VW-VERKEERSTEKEN_BORD_CATEGORIE_C;B-SVW-VERKEERSTEKEN_BORD_C20-SO;C20;2.5;;Oplossen met afstemming informatiemodel, voorlopig oplossen in software
VW-VERKEERSTEKEN_BORD_CATEGORIE_C;B-SVW-VERKEERSTEKEN_BORD_C20-SO;C20;2.7;;Oplossen met afstemming informatiemodel, voorlopig oplossen in software
VW-VERKEERSTEKEN_BORD_CATEGORIE_C;B-SVW-VERKEERSTEKEN_BORD_C20-SO;C20;2.8;;Oplossen met afstemming informatiemodel, voorlopig oplossen in software
VW-VERKEERSTEKEN_BORD_CATEGORIE_C;B-SVW-VERKEERSTEKEN_BORD_C20-SO;C20;20.0;;Oplossen met afstemming informatiemodel, voorlopig oplossen in software
VW-VERKEERSTEKEN_BORD_CATEGORIE_C;B-SVW-VERKEERSTEKEN_BORD_C20-SO;C20;3.0;;Oplossen met afstemming informatiemodel, voorlopig oplossen in software
VW-VERKEERSTEKEN_BORD_CATEGORIE_C;B-SVW-VERKEERSTEKEN_BORD_C20-SO;C20;3.1;;Oplossen met afstemming informatiemodel, voorlopig oplossen in software
VW-VERKEERSTEKEN_BORD_CATEGORIE_C;B-SVW-VERKEERSTEKEN_BORD_C20-SO;C20;3.2;;Oplossen met afstemming informatiemodel, voorlopig oplossen in software
VW-VERKEERSTEKEN_BORD_CATEGORIE_C;B-SVW-VERKEERSTEKEN_BORD_C20-SO;C20;3.3;;Oplossen met afstemming informatiemodel, voorlopig oplossen in software
VW-VERKEERSTEKEN_BORD_CATEGORIE_C;B-SVW-VERKEERSTEKEN_BORD_C20-SO;C20;3.4;;Oplossen met afstemming informatiemodel, voorlopig oplossen in software
VW-VERKEERSTEKEN_BORD_CATEGORIE_C;B-SVW-VERKEERSTEKEN_BORD_C20-SO;C20;3.5;;Oplossen met afstemming informatiemodel, voorlopig oplossen in software
VW-VERKEERSTEKEN_BORD_CATEGORIE_C;B-SVW-VERKEERSTEKEN_BORD_C20-SO;C20;3.6;;Oplossen met afstemming informatiemodel, voorlopig oplossen in software
VW-VERKEERSTEKEN_BORD_CATEGORIE_C;B-SVW-VERKEERSTEKEN_BORD_C20-SO;C20;3.7;;Oplossen met afstemming informatiemodel, voorlopig oplossen in software
VW-VERKEERSTEKEN_BORD_CATEGORIE_C;B-SVW-VERKEERSTEKEN_BORD_C20-SO;C20;3.8;;Oplossen met afstemming informatiemodel, voorlopig oplossen in software
VW-VERKEERSTEKEN_BORD_CATEGORIE_C;B-SVW-VERKEERSTEKEN_BORD_C20-SO;C20;4.0;;Oplossen met afstemming informatiemodel, voorlopig oplossen in software
VW-VERKEERSTEKEN_BORD_CATEGORIE_C;B-SVW-VERKEERSTEKEN_BORD_C20-SO;C20;4.1;;Oplossen met afstemming informatiemodel, voorlopig oplossen in software
VW-VERKEERSTEKEN_BORD_CATEGORIE_C;B-SVW-VERKEERSTEKEN_BORD_C20-SO;C20;4.3;;Oplossen met afstemming informatiemodel, voorlopig oplossen in software
VW-VERKEERSTEKEN_BORD_CATEGORIE_C;B-SVW-VERKEERSTEKEN_BORD_C20-SO;C20;4.4;;Oplossen met afstemming informatiemodel, voorlopig oplossen in software
VW-VERKEERSTEKEN_BORD_CATEGORIE_C;B-SVW-VERKEERSTEKEN_BORD_C20-SO;C20;4.5;;Oplossen met afstemming informatiemodel, voorlopig oplossen in software
VW-VERKEERSTEKEN_BORD_CATEGORIE_C;B-SVW-VERKEERSTEKEN_BORD_C20-SO;C20;4.7;;Oplossen met afstemming informatiemodel, voorlopig oplossen in software
VW-VERKEERSTEKEN_BORD_CATEGORIE_C;B-SVW-VERKEERSTEKEN_BORD_C20-SO;C20;4.8;;Oplossen met afstemming informatiemodel, voorlopig oplossen in software
VW-VERKEERSTEKEN_BORD_CATEGORIE_C;B-SVW-VERKEERSTEKEN_BORD_C20_ZB-SO;C20;4.8;ZB;Oplossen met afstemming informatiemodel, voorlopig oplossen in software
VW-VERKEERSTEKEN_BORD_CATEGORIE_C;B-SVW-VERKEERSTEKEN_BORD_C20-SO;C20;4.9;;Oplossen met afstemming informatiemodel, voorlopig oplossen in software
VW-VERKEERSTEKEN_BORD_CATEGORIE_C;B-SVW-VERKEERSTEKEN_BORD_C20-SO;C20;5.0;;Oplossen met afstemming informatiemodel, voorlopig oplossen in software
VW-VERKEERSTEKEN_BORD_CATEGORIE_C;B-SVW-VERKEERSTEKEN_BORD_C20-SO;C20;5.2;;Oplossen met afstemming informatiemodel, voorlopig oplossen in software
VW-VERKEERSTEKEN_BORD_CATEGORIE_C;B-SVW-VERKEERSTEKEN_BORD_C20-SO;C20;5.3;;Oplossen met afstemming informatiemodel, voorlopig oplossen in software
VW-VERKEERSTEKEN_BORD_CATEGORIE_C;B-SVW-VERKEERSTEKEN_BORD_C20-SO;C20;5.4;;Oplossen met afstemming informatiemodel, voorlopig oplossen in software
VW-VERKEERSTEKEN_BORD_CATEGORIE_C;B-SVW-VERKEERSTEKEN_BORD_C20-SO;C20;5.5;;Oplossen met afstemming informatiemodel, voorlopig oplossen in software
VW-VERKEERSTEKEN_BORD_CATEGORIE_C;B-SVW-VERKEERSTEKEN_BORD_C20-SO;C20;5.7;;Oplossen met afstemming informatiemodel, voorlopig oplossen in software
VW-VERKEERSTEKEN_BORD_CATEGORIE_C;B-SVW-VERKEERSTEKEN_BORD_C20-SO;C20;5.9;;Oplossen met afstemming informatiemodel, voorlopig oplossen in software
VW-VERKEERSTEKEN_BORD_CATEGORIE_C;B-SVW-VERKEERSTEKEN_BORD_C20-SO;C20;6.0;;Oplossen met afstemming informatiemodel, voorlopig oplossen in software
VW-VERKEERSTEKEN_BORD_CATEGORIE_C;B-SVW-VERKEERSTEKEN_BORD_C20_ZE-SO;C20;6.0;ZE;Oplossen met afstemming informatiemodel, voorlopig oplossen in software
VW-VERKEERSTEKEN_BORD_CATEGORIE_C;B-SVW-VERKEERSTEKEN_BORD_C20-SO;C20;6.2;;Oplossen met afstemming informatiemodel, voorlopig oplossen in software
VW-VERKEERSTEKEN_BORD_CATEGORIE_C;B-SVW-VERKEERSTEKEN_BORD_C20-SO;C20;6.3;;Oplossen met afstemming informatiemodel, voorlopig oplossen in software
VW-VERKEERSTEKEN_BORD_CATEGORIE_C;B-SVW-VERKEERSTEKEN_BORD_C20-SO;C20;6.5;;Oplossen met afstemming informatiemodel, voorlopig oplossen in software
VW-VERKEERSTEKEN_BORD_CATEGORIE_C;B-SVW-VERKEERSTEKEN_BORD_C20-SO;C20;6.6;;Oplossen met afstemming informatiemodel, voorlopig oplossen in software
VW-VERKEERSTEKEN_BORD_CATEGORIE_C;B-SVW-VERKEERSTEKEN_BORD_C20-SO;C20;6.7;;Oplossen met afstemming informatiemodel, voorlopig oplossen in software
VW-VERKEERSTEKEN_BORD_CATEGORIE_C;B-SVW-VERKEERSTEKEN_BORD_C20-SO;C20;6.9;;Oplossen met afstemming informatiemodel, voorlopig oplossen in software
VW-VERKEERSTEKEN_BORD_CATEGORIE_C;B-SVW-VERKEERSTEKEN_BORD_C20-SO;C20;7.0;;Oplossen met afstemming informatiemodel, voorlopig oplossen in software
VW-VERKEERSTEKEN_BORD_CATEGORIE_C;B-SVW-VERKEERSTEKEN_BORD_C20-SO;C20;7.3;;Oplossen met afstemming informatiemodel, voorlopig oplossen in software
VW-VERKEERSTEKEN_BORD_CATEGORIE_C;B-SVW-VERKEERSTEKEN_BORD_C20-SO;C20;7.5;;Oplossen met afstemming informatiemodel, voorlopig oplossen in software
VW-VERKEERSTEKEN_BORD_CATEGORIE_C;B-SVW-VERKEERSTEKEN_BORD_C20-SO;C20;8.0;;Oplossen met afstemming informatiemodel, voorlopig oplossen in software
VW-VERKEERSTEKEN_BORD_CATEGORIE_C;B-SVW-VERKEERSTEKEN_BORD_C20-SO;C20;8.1;;Oplossen met afstemming informatiemodel, voorlopig oplossen in software
VW-VERKEERSTEKEN_BORD_CATEGORIE_C;B-SVW-VERKEERSTEKEN_BORD_C20-SO;C20;8.5;;Oplossen met afstemming informatiemodel, voorlopig oplossen in software
VW-VERKEERSTEKEN_BORD_CATEGORIE_C;B-SVW-VERKEERSTEKEN_BORD_C20-SO;C20;8.8;;Oplossen met afstemming informatiemodel, voorlopig oplossen in software
VW-VERKEERSTEKEN_BORD_CATEGORIE_C;B-SVW-VERKEERSTEKEN_BORD_C20-SO;C20;9.0;;Oplossen met afstemming informatiemodel, voorlopig oplossen in software
VW-VERKEERSTEKEN_BORD_CATEGORIE_C;B-SVW-VERKEERSTEKEN_BORD_C20-SO;C20;9.2;;Oplossen met afstemming informatiemodel, voorlopig oplossen in software
VW-VERKEERSTEKEN_BORD_CATEGORIE_C;B-SVW-VERKEERSTEKEN_BORD_C20-SO;C20;9.3;;Oplossen met afstemming informatiemodel, voorlopig oplossen in software
VW-VERKEERSTEKEN_BORD_CATEGORIE_C;B-SVW-VERKEERSTEKEN_BORD_C20-SO;C20;9.5;;Oplossen met afstemming informatiemodel, voorlopig oplossen in software
VW-VERKEERSTEKEN_BORD_CATEGORIE_C;B-SVW-VERKEERSTEKEN_BORD_C20-SO;C20;9.6;;Oplossen met afstemming informatiemodel, voorlopig oplossen in software
VW-VERKEERSTEKEN_BORD_CATEGORIE_C;B-SVW-VERKEERSTEKEN_BORD_C20-SO;C20;9.8;;Oplossen met afstemming informatiemodel, voorlopig oplossen in software
VW-VERKEERSTEKEN_BORD_CATEGORIE_C;B-SVW-VERKEERSTEKEN_BORD_C20-SO;C20;;;
VW-VERKEERSTEKEN_BORD_CATEGORIE_C;B-SVW-VERKEERSTEKEN_BORD_C21-SO;C21;1;;Oplossen met afstemming informatiemodel, voorlopig oplossen in software
VW-VERKEERSTEKEN_BORD_CATEGORIE_C;B-SVW-VERKEERSTEKEN_BORD_C21-SO;C21;2;;Oplossen met afstemming informatiemodel, voorlopig oplossen in software
VW-VERKEERSTEKEN_BORD_CATEGORIE_C;B-SVW-VERKEERSTEKEN_BORD_C21-SO;C21;3;;Oplossen met afstemming informatiemodel, voorlopig oplossen in software
VW-VERKEERSTEKEN_BORD_CATEGORIE_C;B-SVW-VERKEERSTEKEN_BORD_C21-SO;C21;4;;Oplossen met afstemming informatiemodel, voorlopig oplossen in software
VW-VERKEERSTEKEN_BORD_CATEGORIE_C;B-SVW-VERKEERSTEKEN_BORD_C21-SO;C21;5;;Oplossen met afstemming informatiemodel, voorlopig oplossen in software
VW-VERKEERSTEKEN_BORD_CATEGORIE_C;B-SVW-VERKEERSTEKEN_BORD_C21-SO;C21;6;;Oplossen met afstemming informatiemodel, voorlopig oplossen in software
VW-VERKEERSTEKEN_BORD_CATEGORIE_C;B-SVW-VERKEERSTEKEN_BORD_C21-SO;C21;7;;Oplossen met afstemming informatiemodel, voorlopig oplossen in software
VW-VERKEERSTEKEN_BORD_CATEGORIE_C;B-SVW-VERKEERSTEKEN_BORD_C21-SO;C21;8;;Oplossen met afstemming informatiemodel, voorlopig oplossen in software
VW-VERKEERSTEKEN_BORD_CATEGORIE_C;B-SVW-VERKEERSTEKEN_BORD_C21-SO;C21;9;;Oplossen met afstemming informatiemodel, voorlopig oplossen in software
VW-VERKEERSTEKEN_BORD_CATEGORIE_C;B-SVW-VERKEERSTEKEN_BORD_C21-SO;C21;10;;Oplossen met afstemming informatiemodel, voorlopig oplossen in software
VW-VERKEERSTEKEN_BORD_CATEGORIE_C;B-SVW-VERKEERSTEKEN_BORD_C21-SO;C21;11;;Oplossen met afstemming informatiemodel, voorlopig oplossen in software
VW-VERKEERSTEKEN_BORD_CATEGORIE_C;B-SVW-VERKEERSTEKEN_BORD_C21-SO;C21;12;;Oplossen met afstemming informatiemodel, voorlopig oplossen in software
VW-VERKEERSTEKEN_BORD_CATEGORIE_C;B-SVW-VERKEERSTEKEN_BORD_C21-SO;C21;13;;Oplossen met afstemming informatiemodel, voorlopig oplossen in software
VW-VERKEERSTEKEN_BORD_CATEGORIE_C;B-SVW-VERKEERSTEKEN_BORD_C21-SO;C21;14;;Oplossen met afstemming informatiemodel, voorlopig oplossen in software
VW-VERKEERSTEKEN_BORD_CATEGORIE_C;B-SVW-VERKEERSTEKEN_BORD_C21-SO;C21;15;;Oplossen met afstemming informatiemodel, voorlopig oplossen in software
VW-VERKEERSTEKEN_BORD_CATEGORIE_C;B-SVW-VERKEERSTEKEN_BORD_C21-SO;C21;16;;Oplossen met afstemming informatiemodel, voorlopig oplossen in software
VW-VERKEERSTEKEN_BORD_CATEGORIE_C;B-SVW-VERKEERSTEKEN_BORD_C21-SO;C21;17;;Oplossen met afstemming informatiemodel, voorlopig oplossen in software
VW-VERKEERSTEKEN_BORD_CATEGORIE_C;B-SVW-VERKEERSTEKEN_BORD_C21-SO;C21;18;;Oplossen met afstemming informatiemodel, voorlopig oplossen in software
VW-VERKEERSTEKEN_BORD_CATEGORIE_C;B-SVW-VERKEERSTEKEN_BORD_C21-SO;C21;19;;Oplossen met afstemming informatiemodel, voorlopig oplossen in software
VW-VERKEERSTEKEN_BORD_CATEGORIE_C;B-SVW-VERKEERSTEKEN_BORD_C21-SO;C21;20;;Oplossen met afstemming informatiemodel, voorlopig oplossen in software
VW-VERKEERSTEKEN_BORD_CATEGORIE_C;B-SVW-VERKEERSTEKEN_BORD_C21-SO;C21;21;;Oplossen met afstemming informatiemodel, voorlopig oplossen in software
VW-VERKEERSTEKEN_BORD_CATEGORIE_C;B-SVW-VERKEERSTEKEN_BORD_C21-SO;C21;22;;Oplossen met afstemming informatiemodel, voorlopig oplossen in software
VW-VERKEERSTEKEN_BORD_CATEGORIE_C;B-SVW-VERKEERSTEKEN_BORD_C21-SO;C21;24;;Oplossen met afstemming informatiemodel, voorlopig oplossen in software
VW-VERKEERSTEKEN_BORD_CATEGORIE_C;B-SVW-VERKEERSTEKEN_BORD_C21-SO;C21;25;;Oplossen met afstemming informatiemodel, voorlopig oplossen in software
VW-VERKEERSTEKEN_BORD_CATEGORIE_C;B-SVW-VERKEERSTEKEN_BORD_C21-SO;C21;27;;Oplossen met afstemming informatiemodel, voorlopig oplossen in software
VW-VERKEERSTEKEN_BORD_CATEGORIE_C;B-SVW-VERKEERSTEKEN_BORD_C21-SO;C21;28;;Oplossen met afstemming informatiemodel, voorlopig oplossen in software
VW-VERKEERSTEKEN_BORD_CATEGORIE_C;B-SVW-VERKEERSTEKEN_BORD_C21-SO;C21;30;;Oplossen met afstemming informatiemodel, voorlopig oplossen in software
VW-VERKEERSTEKEN_BORD_CATEGORIE_C;B-SVW-VERKEERSTEKEN_BORD_C21-SO;C21;32;;Oplossen met afstemming informatiemodel, voorlopig oplossen in software
VW-VERKEERSTEKEN_BORD_CATEGORIE_C;B-SVW-VERKEERSTEKEN_BORD_C21-SO;C21;33;;Oplossen met afstemming informatiemodel, voorlopig oplossen in software
VW-VERKEERSTEKEN_BORD_CATEGORIE_C;B-SVW-VERKEERSTEKEN_BORD_C21-SO;C21;35;;Oplossen met afstemming informatiemodel, voorlopig oplossen in software
VW-VERKEERSTEKEN_BORD_CATEGORIE_C;B-SVW-VERKEERSTEKEN_BORD_C21-SO;C21;36;;Oplossen met afstemming informatiemodel, voorlopig oplossen in software
VW-VERKEERSTEKEN_BORD_CATEGORIE_C;B-SVW-VERKEERSTEKEN_BORD_C21-SO;C21;37;;Oplossen met afstemming informatiemodel, voorlopig oplossen in software
VW-VERKEERSTEKEN_BORD_CATEGORIE_C;B-SVW-VERKEERSTEKEN_BORD_C21-SO;C21;39;;Oplossen met afstemming informatiemodel, voorlopig oplossen in software
VW-VERKEERSTEKEN_BORD_CATEGORIE_C;B-SVW-VERKEERSTEKEN_BORD_C21-SO;C21;40;;Oplossen met afstemming informatiemodel, voorlopig oplossen in software
VW-VERKEERSTEKEN_BORD_CATEGORIE_C;B-SVW-VERKEERSTEKEN_BORD_C21-SO;C21;43;;Oplossen met afstemming informatiemodel, voorlopig oplossen in software
VW-VERKEERSTEKEN_BORD_CATEGORIE_C;B-SVW-VERKEERSTEKEN_BORD_C21-SO;C21;45;;Oplossen met afstemming informatiemodel, voorlopig oplossen in software
VW-VERKEERSTEKEN_BORD_CATEGORIE_C;B-SVW-VERKEERSTEKEN_BORD_C21-SO;C21;48;;Oplossen met afstemming informatiemodel, voorlopig oplossen in software
VW-VERKEERSTEKEN_BORD_CATEGORIE_C;B-SVW-VERKEERSTEKEN_BORD_C21-SO;C21;50;;Oplossen met afstemming informatiemodel, voorlopig oplossen in software
VW-VERKEERSTEKEN_BORD_CATEGORIE_C;B-SVW-VERKEERSTEKEN_BORD_C21-SO;C21;60;;Oplossen met afstemming informatiemodel, voorlopig oplossen in software
VW-VERKEERSTEKEN_BORD_CATEGORIE_C;B-SVW-VERKEERSTEKEN_BORD_C21-SO;C21;180;;Oplossen met afstemming informatiemodel, voorlopig oplossen in software
VW-VERKEERSTEKEN_BORD_CATEGORIE_C;B-SVW-VERKEERSTEKEN_BORD_C21-SO;C21;0.6;;Oplossen met afstemming informatiemodel, voorlopig oplossen in software
VW-VERKEERSTEKEN_BORD_CATEGORIE_C;B-SVW-VERKEERSTEKEN_BORD_C21-SO;C21;0.75;;Oplossen met afstemming informatiemodel, voorlopig oplossen in software
VW-VERKEERSTEKEN_BORD_CATEGORIE_C;B-SVW-VERKEERSTEKEN_BORD_C21-SO;C21;1.0;;Oplossen met afstemming informatiemodel, voorlopig oplossen in software
VW-VERKEERSTEKEN_BORD_CATEGORIE_C;B-SVW-VERKEERSTEKEN_BORD_C21-SO;C21;1.2;;Oplossen met afstemming informatiemodel, voorlopig oplossen in software
VW-VERKEERSTEKEN_BORD_CATEGORIE_C;B-SVW-VERKEERSTEKEN_BORD_C21-SO;C21;1.3;;Oplossen met afstemming informatiemodel, voorlopig oplossen in software
VW-VERKEERSTEKEN_BORD_CATEGORIE_C;B-SVW-VERKEERSTEKEN_BORD_C21-SO;C21;1.5;;Oplossen met afstemming informatiemodel, voorlopig oplossen in software
VW-VERKEERSTEKEN_BORD_CATEGORIE_C;B-SVW-VERKEERSTEKEN_BORD_C21_ZE-SO;C21;1.5;ZE;Oplossen met afstemming informatiemodel, voorlopig oplossen in software
VW-VERKEERSTEKEN_BORD_CATEGORIE_C;B-SVW-VERKEERSTEKEN_BORD_C21-SO;C21;1.6;;Oplossen met afstemming informatiemodel, voorlopig oplossen in software
VW-VERKEERSTEKEN_BORD_CATEGORIE_C;B-SVW-VERKEERSTEKEN_BORD_C21-SO;C21;1.8;;Oplossen met afstemming informatiemodel, voorlopig oplossen in software
VW-VERKEERSTEKEN_BORD_CATEGORIE_C;B-SVW-VERKEERSTEKEN_BORD_C21-SO;C21;1.9;;Oplossen met afstemming informatiemodel, voorlopig oplossen in software
VW-VERKEERSTEKEN_BORD_CATEGORIE_C;B-SVW-VERKEERSTEKEN_BORD_C21-SO;C21;10.0;;Oplossen met afstemming informatiemodel, voorlopig oplossen in software
VW-VERKEERSTEKEN_BORD_CATEGORIE_C;B-SVW-VERKEERSTEKEN_BORD_C21-SO;C21;12.0;;Oplossen met afstemming informatiemodel, voorlopig oplossen in software
VW-VERKEERSTEKEN_BORD_CATEGORIE_C;B-SVW-VERKEERSTEKEN_BORD_C21-SO;C21;12.5;;Oplossen met afstemming informatiemodel, voorlopig oplossen in software
VW-VERKEERSTEKEN_BORD_CATEGORIE_C;B-SVW-VERKEERSTEKEN_BORD_C21-SO;C21;13.0;;Oplossen met afstemming informatiemodel, voorlopig oplossen in software
VW-VERKEERSTEKEN_BORD_CATEGORIE_C;B-SVW-VERKEERSTEKEN_BORD_C21-SO;C21;14.0;;Oplossen met afstemming informatiemodel, voorlopig oplossen in software
VW-VERKEERSTEKEN_BORD_CATEGORIE_C;B-SVW-VERKEERSTEKEN_BORD_C21-SO;C21;15.0;;Oplossen met afstemming informatiemodel, voorlopig oplossen in software
VW-VERKEERSTEKEN_BORD_CATEGORIE_C;B-SVW-VERKEERSTEKEN_BORD_C21_ZH-SO;C21;15.0;ZH;Oplossen met afstemming informatiemodel, voorlopig oplossen in software
VW-VERKEERSTEKEN_BORD_CATEGORIE_C;B-SVW-VERKEERSTEKEN_BORD_C21_ZB-SO;C21;15.0;ZB;Oplossen met afstemming informatiemodel, voorlopig oplossen in software
VW-VERKEERSTEKEN_BORD_CATEGORIE_C;B-SVW-VERKEERSTEKEN_BORD_C21_ZE-SO;C21;15.0;ZE;Oplossen met afstemming informatiemodel, voorlopig oplossen in software
VW-VERKEERSTEKEN_BORD_CATEGORIE_C;B-SVW-VERKEERSTEKEN_BORD_C21-SO;C21;17.5;;Oplossen met afstemming informatiemodel, voorlopig oplossen in software
VW-VERKEERSTEKEN_BORD_CATEGORIE_C;B-SVW-VERKEERSTEKEN_BORD_C21-SO;C21;18.0;;Oplossen met afstemming informatiemodel, voorlopig oplossen in software
VW-VERKEERSTEKEN_BORD_CATEGORIE_C;B-SVW-VERKEERSTEKEN_BORD_C21-SO;C21;2.0;;Oplossen met afstemming informatiemodel, voorlopig oplossen in software
VW-VERKEERSTEKEN_BORD_CATEGORIE_C;B-SVW-VERKEERSTEKEN_BORD_C21-SO;C21;2.1;;Oplossen met afstemming informatiemodel, voorlopig oplossen in software
VW-VERKEERSTEKEN_BORD_CATEGORIE_C;B-SVW-VERKEERSTEKEN_BORD_C21-SO;C21;2.2;;Oplossen met afstemming informatiemodel, voorlopig oplossen in software
VW-VERKEERSTEKEN_BORD_CATEGORIE_C;B-SVW-VERKEERSTEKEN_BORD_C21-SO;C21;2.4;;Oplossen met afstemming informatiemodel, voorlopig oplossen in software
VW-VERKEERSTEKEN_BORD_CATEGORIE_C;B-SVW-VERKEERSTEKEN_BORD_C21-SO;C21;2.5;;Oplossen met afstemming informatiemodel, voorlopig oplossen in software
VW-VERKEERSTEKEN_BORD_CATEGORIE_C;B-SVW-VERKEERSTEKEN_BORD_C21-SO;C21;2.6;;Oplossen met afstemming informatiemodel, voorlopig oplossen in software
VW-VERKEERSTEKEN_BORD_CATEGORIE_C;B-SVW-VERKEERSTEKEN_BORD_C21-SO;C21;20.0;;Oplossen met afstemming informatiemodel, voorlopig oplossen in software
VW-VERKEERSTEKEN_BORD_CATEGORIE_C;B-SVW-VERKEERSTEKEN_BORD_C21-SO;C21;22.0;;Oplossen met afstemming informatiemodel, voorlopig oplossen in software
VW-VERKEERSTEKEN_BORD_CATEGORIE_C;B-SVW-VERKEERSTEKEN_BORD_C21_ZB-SO;C21;25.0;ZB;Oplossen met afstemming informatiemodel, voorlopig oplossen in software
VW-VERKEERSTEKEN_BORD_CATEGORIE_C;B-SVW-VERKEERSTEKEN_BORD_C21-SO;C21;25.0;;Oplossen met afstemming informatiemodel, voorlopig oplossen in software
VW-VERKEERSTEKEN_BORD_CATEGORIE_C;B-SVW-VERKEERSTEKEN_BORD_C21-SO;C21;3.0;;Oplossen met afstemming informatiemodel, voorlopig oplossen in software
VW-VERKEERSTEKEN_BORD_CATEGORIE_C;B-SVW-VERKEERSTEKEN_BORD_C21-SO;C21;3.1;;Oplossen met afstemming informatiemodel, voorlopig oplossen in software
VW-VERKEERSTEKEN_BORD_CATEGORIE_C;B-SVW-VERKEERSTEKEN_BORD_C21-SO;C21;3.2;;Oplossen met afstemming informatiemodel, voorlopig oplossen in software
VW-VERKEERSTEKEN_BORD_CATEGORIE_C;B-SVW-VERKEERSTEKEN_BORD_C21-SO;C21;3.5;;Oplossen met afstemming informatiemodel, voorlopig oplossen in software
VW-VERKEERSTEKEN_BORD_CATEGORIE_C;B-SVW-VERKEERSTEKEN_BORD_C21-SO;C21;3.6;;Oplossen met afstemming informatiemodel, voorlopig oplossen in software
VW-VERKEERSTEKEN_BORD_CATEGORIE_C;B-SVW-VERKEERSTEKEN_BORD_C21-SO;C21;3.65;;Oplossen met afstemming informatiemodel, voorlopig oplossen in software
VW-VERKEERSTEKEN_BORD_CATEGORIE_C;B-SVW-VERKEERSTEKEN_BORD_C21-SO;C21;3.8;;Oplossen met afstemming informatiemodel, voorlopig oplossen in software
VW-VERKEERSTEKEN_BORD_CATEGORIE_C;B-SVW-VERKEERSTEKEN_BORD_C21-SO;C21;3.82;;Oplossen met afstemming informatiemodel, voorlopig oplossen in software
VW-VERKEERSTEKEN_BORD_CATEGORIE_C;B-SVW-VERKEERSTEKEN_BORD_C21_ZB-SO;C21;30.0;ZB;Oplossen met afstemming informatiemodel, voorlopig oplossen in software
VW-VERKEERSTEKEN_BORD_CATEGORIE_C;B-SVW-VERKEERSTEKEN_BORD_C21-SO;C21;30.0;;Oplossen met afstemming informatiemodel, voorlopig oplossen in software
VW-VERKEERSTEKEN_BORD_CATEGORIE_C;B-SVW-VERKEERSTEKEN_BORD_C21-SO;C21;30.6;;Oplossen met afstemming informatiemodel, voorlopig oplossen in software
VW-VERKEERSTEKEN_BORD_CATEGORIE_C;B-SVW-VERKEERSTEKEN_BORD_C21-SO;C21;31.0;;Oplossen met afstemming informatiemodel, voorlopig oplossen in software
VW-VERKEERSTEKEN_BORD_CATEGORIE_C;B-SVW-VERKEERSTEKEN_BORD_C21-SO;C21;32.0;;Oplossen met afstemming informatiemodel, voorlopig oplossen in software
VW-VERKEERSTEKEN_BORD_CATEGORIE_C;B-SVW-VERKEERSTEKEN_BORD_C21-SO;C21;34.0;;Oplossen met afstemming informatiemodel, voorlopig oplossen in software
VW-VERKEERSTEKEN_BORD_CATEGORIE_C;B-SVW-VERKEERSTEKEN_BORD_C21-SO;C21;35.0;;Oplossen met afstemming informatiemodel, voorlopig oplossen in software
VW-VERKEERSTEKEN_BORD_CATEGORIE_C;B-SVW-VERKEERSTEKEN_BORD_C21-SO;C21;4.0;;Oplossen met afstemming informatiemodel, voorlopig oplossen in software
VW-VERKEERSTEKEN_BORD_CATEGORIE_C;B-SVW-VERKEERSTEKEN_BORD_C21-SO;C21;4.2;;Oplossen met afstemming informatiemodel, voorlopig oplossen in software
VW-VERKEERSTEKEN_BORD_CATEGORIE_C;B-SVW-VERKEERSTEKEN_BORD_C21-SO;C21;4.5;;Oplossen met afstemming informatiemodel, voorlopig oplossen in software
VW-VERKEERSTEKEN_BORD_CATEGORIE_C;B-SVW-VERKEERSTEKEN_BORD_C21-SO;C21;4.8;;Oplossen met afstemming informatiemodel, voorlopig oplossen in software
VW-VERKEERSTEKEN_BORD_CATEGORIE_C;B-SVW-VERKEERSTEKEN_BORD_C21-SO;C21;40.0;;Oplossen met afstemming informatiemodel, voorlopig oplossen in software
VW-VERKEERSTEKEN_BORD_CATEGORIE_C;B-SVW-VERKEERSTEKEN_BORD_C21-SO;C21;45.0;;Oplossen met afstemming informatiemodel, voorlopig oplossen in software
VW-VERKEERSTEKEN_BORD_CATEGORIE_C;B-SVW-VERKEERSTEKEN_BORD_C21-SO;C21;48.0;;Oplossen met afstemming informatiemodel, voorlopig oplossen in software
VW-VERKEERSTEKEN_BORD_CATEGORIE_C;B-SVW-VERKEERSTEKEN_BORD_C21-SO;C21;5.0;;Oplossen met afstemming informatiemodel, voorlopig oplossen in software
VW-VERKEERSTEKEN_BORD_CATEGORIE_C;B-SVW-VERKEERSTEKEN_BORD_C21-SO;C21;5.4;;Oplossen met afstemming informatiemodel, voorlopig oplossen in software
VW-VERKEERSTEKEN_BORD_CATEGORIE_C;B-SVW-VERKEERSTEKEN_BORD_C21-SO;C21;5.5;;Oplossen met afstemming informatiemodel, voorlopig oplossen in software
VW-VERKEERSTEKEN_BORD_CATEGORIE_C;B-SVW-VERKEERSTEKEN_BORD_C21-SO;C21;50.0;;Oplossen met afstemming informatiemodel, voorlopig oplossen in software
VW-VERKEERSTEKEN_BORD_CATEGORIE_C;B-SVW-VERKEERSTEKEN_BORD_C21-SO;C21;6.0;;Oplossen met afstemming informatiemodel, voorlopig oplossen in software
VW-VERKEERSTEKEN_BORD_CATEGORIE_C;B-SVW-VERKEERSTEKEN_BORD_C21-SO;C21;7.0;;Oplossen met afstemming informatiemodel, voorlopig oplossen in software
VW-VERKEERSTEKEN_BORD_CATEGORIE_C;B-SVW-VERKEERSTEKEN_BORD_C21_ZE-SO;C21;7.0;ZE;Oplossen met afstemming informatiemodel, voorlopig oplossen in software
VW-VERKEERSTEKEN_BORD_CATEGORIE_C;B-SVW-VERKEERSTEKEN_BORD_C21-SO;C21;7.3;;Oplossen met afstemming informatiemodel, voorlopig oplossen in software
VW-VERKEERSTEKEN_BORD_CATEGORIE_C;B-SVW-VERKEERSTEKEN_BORD_C21_ZB-SO;C21;7.5;ZB;Oplossen met afstemming informatiemodel, voorlopig oplossen in software
VW-VERKEERSTEKEN_BORD_CATEGORIE_C;B-SVW-VERKEERSTEKEN_BORD_C21_ZE-SO;C21;7.5;ZE;Oplossen met afstemming informatiemodel, voorlopig oplossen in software
VW-VERKEERSTEKEN_BORD_CATEGORIE_C;B-SVW-VERKEERSTEKEN_BORD_C21-SO;C21;7.5;;Oplossen met afstemming informatiemodel, voorlopig oplossen in software
VW-VERKEERSTEKEN_BORD_CATEGORIE_C;B-SVW-VERKEERSTEKEN_BORD_C21-SO;C21;70.0;;Oplossen met afstemming informatiemodel, voorlopig oplossen in software
VW-VERKEERSTEKEN_BORD_CATEGORIE_C;B-SVW-VERKEERSTEKEN_BORD_C21-SO;C21;8.0;;Oplossen met afstemming informatiemodel, voorlopig oplossen in software
VW-VERKEERSTEKEN_BORD_CATEGORIE_C;B-SVW-VERKEERSTEKEN_BORD_C21-SO;C21;9.0;;Oplossen met afstemming informatiemodel, voorlopig oplossen in software
VW-VERKEERSTEKEN_BORD_CATEGORIE_C;B-SVW-VERKEERSTEKEN_BORD_C21-SO;C21;9.6;;Oplossen met afstemming informatiemodel, voorlopig oplossen in software
VW-VERKEERSTEKEN_BORD_CATEGORIE_C;B-SVW-VERKEERSTEKEN_BORD_C21-SO;C21;;;
VW-VERKEERSTEKEN_BORD_CATEGORIE_C;B-SVW-VERKEERSTEKEN_BORD_C22-SO;C22;;;
VW-VERKEERSTEKEN_BORD_CATEGORIE_C;B-SVW-VERKEERSTEKEN_BORD_C22_A-SO;C22a;;;
VW-VERKEERSTEKEN_BORD_CATEGORIE_C;B-SVW-VERKEERSTEKEN_BORD_C22_B-SO;C22b;;;
VW-VERKEERSTEKEN_BORD_CATEGORIE_C;B-SVW-VERKEERSTEKEN_BORD_C23_01-SO;C23-01;;;
VW-VERKEERSTEKEN_BORD_CATEGORIE_C;B-SVW-VERKEERSTEKEN_BORD_C03_-SO;C3;;;
VW-VERKEERSTEKEN_BORD_CATEGORIE_C;B-SVW-VERKEERSTEKEN_BORD_C04_L-SO;C4;L;;
VW-VERKEERSTEKEN_BORD_CATEGORIE_C;B-SVW-VERKEERSTEKEN_BORD_C04_R-SO;C4;R;;
VW-VERKEERSTEKEN_BORD_CATEGORIE_C;B-SVW-VERKEERSTEKEN_BORD_C05-SO;C5;;;
VW-VERKEERSTEKEN_BORD_CATEGORIE_C;B-SVW-VERKEERSTEKEN_BORD_C06_ZB-SO;C6;;ZB;
VW-VERKEERSTEKEN_BORD_CATEGORIE_C;B-SVW-VERKEERSTEKEN_BORD_C06-SO;C6;;;
VW-VERKEERSTEKEN_BORD_CATEGORIE_C;B-SVW-VERKEERSTEKEN_BORD_C06_ZE-SO;C6;;ZE;
VW-VERKEERSTEKEN_BORD_CATEGORIE_C;B-SVW-VERKEERSTEKEN_BORD_C07_ZH-SO;C7;;ZH;
VW-VERKEERSTEKEN_BORD_CATEGORIE_C;B-SVW-VERKEERSTEKEN_BORD_C07_ZB-SO;C7;;ZB;
VW-VERKEERSTEKEN_BORD_CATEGORIE_C;B-SVW-VERKEERSTEKEN_BORD_C07_ZE-SO;C7;;ZE;
VW-VERKEERSTEKEN_BORD_CATEGORIE_C;B-SVW-VERKEERSTEKEN_BORD_C07-SO;C7;;;
VW-VERKEERSTEKEN_BORD_CATEGORIE_C;B-SVW-VERKEERSTEKEN_BORD_C07_A-SO;C7a;;;
VW-VERKEERSTEKEN_BORD_CATEGORIE_C;B-SVW-VERKEERSTEKEN_BORD_C07_B-SO;C7b;;;
VW-VERKEERSTEKEN_BORD_CATEGORIE_C;B-SVW-VERKEERSTEKEN_BORD_C08-SO;C8;;;
VW-VERKEERSTEKEN_BORD_CATEGORIE_C;B-SVW-VERKEERSTEKEN_BORD_C09-SO;C9;;;
VW-VERKEERSTEKEN_BORD_CATEGORIE_D;B-SVW-VERKEERSTEKEN_BORD_D01-SO;D1;;;
VW-VERKEERSTEKEN_BORD_CATEGORIE_D;B-SVW-VERKEERSTEKEN_BORD_D02_LB-SO;D2;LB;;
VW-VERKEERSTEKEN_BORD_CATEGORIE_D;B-SVW-VERKEERSTEKEN_BORD_D02_LO-SO;D2;LO;;
VW-VERKEERSTEKEN_BORD_CATEGORIE_D;B-SVW-VERKEERSTEKEN_BORD_D02_RB-SO;D2;RB;;
VW-VERKEERSTEKEN_BORD_CATEGORIE_D;B-SVW-VERKEERSTEKEN_BORD_D02_RO-SO;D2;RO;;
VW-VERKEERSTEKEN_BORD_CATEGORIE_D;B-SVW-VERKEERSTEKEN_BORD_D03-SO;D3;;;
VW-VERKEERSTEKEN_BORD_CATEGORIE_D;B-SVW-VERKEERSTEKEN_BORD_D04-SO;D4;;;
VW-VERKEERSTEKEN_BORD_CATEGORIE_D;B-SVW-VERKEERSTEKEN_BORD_D05_L-SO;D5;L;;
VW-VERKEERSTEKEN_BORD_CATEGORIE_D;B-SVW-VERKEERSTEKEN_BORD_D05_R-SO;D5;R;;
VW-VERKEERSTEKEN_BORD_CATEGORIE_D;B-SVW-VERKEERSTEKEN_BORD_D06_L-SO;D6;L;;
VW-VERKEERSTEKEN_BORD_CATEGORIE_D;B-SVW-VERKEERSTEKEN_BORD_D06_R-SO;D6;R;;
VW-VERKEERSTEKEN_BORD_CATEGORIE_D;B-SVW-VERKEERSTEKEN_BORD_D07-SO;D7;;;
VW-VERKEERSTEKEN_BORD_CATEGORIE_E;B-SVW-VERKEERSTEKEN_BORD_E01_ZH-SO;E1;;ZH;
VW-VERKEERSTEKEN_BORD_CATEGORIE_E;B-SVW-VERKEERSTEKEN_BORD_E01_ZB-SO;E1;;ZB;
VW-VERKEERSTEKEN_BORD_CATEGORIE_E;B-SVW-VERKEERSTEKEN_BORD_E01-SO;E1;;;
VW-VERKEERSTEKEN_BORD_CATEGORIE_E;B-SVW-VERKEERSTEKEN_BORD_E01_ZE-SO;E1;;ZE;
VW-VERKEERSTEKEN_BORD_CATEGORIE_E;B-SVW-VERKEERSTEKEN_BORD_E01-SO;E1(Zone);;;
VW-VERKEERSTEKEN_BORD_CATEGORIE_E;B-SVW-VERKEERSTEKEN_BORD_E10-SO;E10;;;
VW-VERKEERSTEKEN_BORD_CATEGORIE_E;B-SVW-VERKEERSTEKEN_BORD_E10_ZH-SO;E10;;ZH;
VW-VERKEERSTEKEN_BORD_CATEGORIE_E;B-SVW-VERKEERSTEKEN_BORD_E10_ZB-SO;E10;;ZB;
VW-VERKEERSTEKEN_BORD_CATEGORIE_E;B-SVW-VERKEERSTEKEN_BORD_E10_-SO;E10(Zone);;;
VW-VERKEERSTEKEN_BORD_CATEGORIE_E;B-SVW-VERKEERSTEKEN_BORD_E11-SO;E11;;;
VW-VERKEERSTEKEN_BORD_CATEGORIE_E;B-SVW-VERKEERSTEKEN_BORD_E11_ZE-SO;E11;;ZE;
VW-VERKEERSTEKEN_BORD_CATEGORIE_E;B-SVW-VERKEERSTEKEN_BORD_E12-SO;E12;;;
VW-VERKEERSTEKEN_BORD_CATEGORIE_E;B-SVW-VERKEERSTEKEN_BORD_E13-SO;E13;;;
VW-VERKEERSTEKEN_BORD_CATEGORIE_E;B-SVW-VERKEERSTEKEN_BORD_E02_ZB-SO;E2;;ZB;
VW-VERKEERSTEKEN_BORD_CATEGORIE_E;B-SVW-VERKEERSTEKEN_BORD_E02-SO;E2;;;
VW-VERKEERSTEKEN_BORD_CATEGORIE_E;B-SVW-VERKEERSTEKEN_BORD_E02_ZE-SO;E2;;ZE;
VW-VERKEERSTEKEN_BORD_CATEGORIE_E;B-SVW-VERKEERSTEKEN_BORD_E02_ZH-SO;E2;;ZH;
VW-VERKEERSTEKEN_BORD_CATEGORIE_E;B-SVW-VERKEERSTEKEN_BORD_E03_ZH-SO;E3;;ZH;
VW-VERKEERSTEKEN_BORD_CATEGORIE_E;B-SVW-VERKEERSTEKEN_BORD_E03_ZB-SO;E3;;ZB;
VW-VERKEERSTEKEN_BORD_CATEGORIE_E;B-SVW-VERKEERSTEKEN_BORD_E03-SO;E3;;;
VW-VERKEERSTEKEN_BORD_CATEGORIE_E;B-SVW-VERKEERSTEKEN_BORD_E03_ZE-SO;E3;;ZE;
VW-VERKEERSTEKEN_BORD_CATEGORIE_E;B-SVW-VERKEERSTEKEN_BORD_E04-SO;E4;1.9;;Oplossen met afstemming informatiemodel, voorlopig oplossen in software
VW-VERKEERSTEKEN_BORD_CATEGORIE_E;B-SVW-VERKEERSTEKEN_BORD_E04-SO;E4;uitsluitend leerlingenvervoer Rebothschool ma t/m vr 08 - 15.30 h;;Oplossen met afstemming informatiemodel, voorlopig oplossen in software
VW-VERKEERSTEKEN_BORD_CATEGORIE_E;B-SVW-VERKEERSTEKEN_BORD_E04-SO;E4;;;
VW-VERKEERSTEKEN_BORD_CATEGORIE_E;B-SVW-VERKEERSTEKEN_BORD_E05-SO;E5;;;
VW-VERKEERSTEKEN_BORD_CATEGORIE_E;B-SVW-VERKEERSTEKEN_BORD_E06-SO;E6;;;
VW-VERKEERSTEKEN_BORD_CATEGORIE_E;B-SVW-VERKEERSTEKEN_BORD_E07-SO;E7;;;
VW-VERKEERSTEKEN_BORD_CATEGORIE_E;B-SVW-VERKEERSTEKEN_BORD_E08-SO;E8;;;
VW-VERKEERSTEKEN_BORD_CATEGORIE_E;B-SVW-VERKEERSTEKEN_BORD_E08_A-SO;E8a;;;
VW-VERKEERSTEKEN_BORD_CATEGORIE_E;B-SVW-VERKEERSTEKEN_BORD_E08_B-SO;E8b;;;
VW-VERKEERSTEKEN_BORD_CATEGORIE_E;B-SVW-VERKEERSTEKEN_BORD_E08_C-SO;E8c;;;
VW-VERKEERSTEKEN_BORD_CATEGORIE_E;B-SVW-VERKEERSTEKEN_BORD_E09-SO;E9;;;
VW-VERKEERSTEKEN_BORD_CATEGORIE_E;B-SVW-VERKEERSTEKEN_BORD_E09_ZE-SO;E9;;ZE;
VW-VERKEERSTEKEN_BORD_CATEGORIE_E;B-SVW-VERKEERSTEKEN_BORD_E09_ZH-SO;E9;;ZH;
VW-VERKEERSTEKEN_BORD_CATEGORIE_E;B-SVW-VERKEERSTEKEN_BORD_E09_ZB-SO;E9;;ZB;
VW-VERKEERSTEKEN_BORD_CATEGORIE_F;B-SVW-VERKEERSTEKEN_BORD_F01-SO;F1;;;
VW-VERKEERSTEKEN_BORD_CATEGORIE_F;B-SVW-VERKEERSTEKEN_BORD_F10-SO;F10;;;
VW-VERKEERSTEKEN_BORD_CATEGORIE_F;B-SVW-VERKEERSTEKEN_BORD_F11-SO;F11;;;
VW-VERKEERSTEKEN_BORD_CATEGORIE_F;B-SVW-VERKEERSTEKEN_BORD_F12-SO;F12;;;
VW-VERKEERSTEKEN_BORD_CATEGORIE_F;B-SVW-VERKEERSTEKEN_BORD_F13-SO;F13;;;
VW-VERKEERSTEKEN_BORD_CATEGORIE_F;B-SVW-VERKEERSTEKEN_BORD_F14-SO;F14;;;
VW-VERKEERSTEKEN_BORD_CATEGORIE_F;B-SVW-VERKEERSTEKEN_BORD_F15-SO;F15;;;
VW-VERKEERSTEKEN_BORD_CATEGORIE_F;B-SVW-VERKEERSTEKEN_BORD_F16-SO;F16;;;
VW-VERKEERSTEKEN_BORD_CATEGORIE_F;B-SVW-VERKEERSTEKEN_BORD_F17-SO;F17;;;
VW-VERKEERSTEKEN_BORD_CATEGORIE_F;B-SVW-VERKEERSTEKEN_BORD_F18-SO;F18;;;
VW-VERKEERSTEKEN_BORD_CATEGORIE_F;B-SVW-VERKEERSTEKEN_BORD_F19-SO;F19;;;
VW-VERKEERSTEKEN_BORD_CATEGORIE_F;B-SVW-VERKEERSTEKEN_BORD_F02-SO;F2;;;
VW-VERKEERSTEKEN_BORD_CATEGORIE_F;B-SVW-VERKEERSTEKEN_BORD_F20-SO;F20;;;
VW-VERKEERSTEKEN_BORD_CATEGORIE_F;B-SVW-VERKEERSTEKEN_BORD_F21-SO;F21;;;
VW-VERKEERSTEKEN_BORD_CATEGORIE_F;B-SVW-VERKEERSTEKEN_BORD_F22-SO;F22;;;
VW-VERKEERSTEKEN_BORD_CATEGORIE_F;B-SVW-VERKEERSTEKEN_BORD_F03-SO;F3;;;
VW-VERKEERSTEKEN_BORD_CATEGORIE_F;B-SVW-VERKEERSTEKEN_BORD_F04-SO;F4;;;
VW-VERKEERSTEKEN_BORD_CATEGORIE_F;B-SVW-VERKEERSTEKEN_BORD_F05-SO;F5;;;
VW-VERKEERSTEKEN_BORD_CATEGORIE_F;B-SVW-VERKEERSTEKEN_BORD_F06-SO;F6;;;
VW-VERKEERSTEKEN_BORD_CATEGORIE_F;B-SVW-VERKEERSTEKEN_BORD_F07-SO;F7;;;
VW-VERKEERSTEKEN_BORD_CATEGORIE_F;B-SVW-VERKEERSTEKEN_BORD_F08-SO;F8;;;
VW-VERKEERSTEKEN_BORD_CATEGORIE_G;B-SVW-VERKEERSTEKEN_BORD_G07_ZB-SO;G07;ZB;;
VW-VERKEERSTEKEN_BORD_CATEGORIE_G;B-SVW-VERKEERSTEKEN_BORD_G01-SO;G1;;;
VW-VERKEERSTEKEN_BORD_CATEGORIE_G;B-SVW-VERKEERSTEKEN_BORD_G10-SO;G10;;;
VW-VERKEERSTEKEN_BORD_CATEGORIE_G;B-SVW-VERKEERSTEKEN_BORD_G11_OB505-SO;G11;OB505;;
VW-VERKEERSTEKEN_BORD_CATEGORIE_G;B-SVW-VERKEERSTEKEN_BORD_G11-SO;G11;;;
VW-VERKEERSTEKEN_BORD_CATEGORIE_G;B-SVW-VERKEERSTEKEN_BORD_G12-SO;G12;;;
VW-VERKEERSTEKEN_BORD_CATEGORIE_G;B-SVW-VERKEERSTEKEN_BORD_G12_A-SO;G12a;;;
VW-VERKEERSTEKEN_BORD_CATEGORIE_G;B-SVW-VERKEERSTEKEN_BORD_G12_B-SO;G12b;;;
VW-VERKEERSTEKEN_BORD_CATEGORIE_G;B-SVW-VERKEERSTEKEN_BORD_G13-SO;G13;;;
VW-VERKEERSTEKEN_BORD_CATEGORIE_G;B-SVW-VERKEERSTEKEN_BORD_G14-SO;G14;;;
VW-VERKEERSTEKEN_BORD_CATEGORIE_G;B-SVW-VERKEERSTEKEN_BORD_G02-SO;G2;;;
VW-VERKEERSTEKEN_BORD_CATEGORIE_G;B-SVW-VERKEERSTEKEN_BORD_G03-SO;G3;;;
VW-VERKEERSTEKEN_BORD_CATEGORIE_G;B-SVW-VERKEERSTEKEN_BORD_G04-SO;G4;;;
VW-VERKEERSTEKEN_BORD_CATEGORIE_G;B-SVW-VERKEERSTEKEN_BORD_G05_ZB-SO;G5;;ZB;
VW-VERKEERSTEKEN_BORD_CATEGORIE_G;B-SVW-VERKEERSTEKEN_BORD_G05-SO;G5;;;
VW-VERKEERSTEKEN_BORD_CATEGORIE_G;B-SVW-VERKEERSTEKEN_BORD_G06-SO;G6;;;
VW-VERKEERSTEKEN_BORD_CATEGORIE_G;B-SVW-VERKEERSTEKEN_BORD_G07_ZB-SO;G7;;ZB;
VW-VERKEERSTEKEN_BORD_CATEGORIE_G;B-SVW-VERKEERSTEKEN_BORD_G07-SO;G7;;;
VW-VERKEERSTEKEN_BORD_CATEGORIE_G;B-SVW-VERKEERSTEKEN_BORD_G07_ZE-SO;G7;;ZE;
VW-VERKEERSTEKEN_BORD_CATEGORIE_G;B-SVW-VERKEERSTEKEN_BORD_G07_ZH-SO;G7;;ZH;
VW-VERKEERSTEKEN_BORD_CATEGORIE_G;B-SVW-VERKEERSTEKEN_BORD_G08-SO;G8;;;
VW-VERKEERSTEKEN_BORD_CATEGORIE_G;B-SVW-VERKEERSTEKEN_BORD_G09-SO;G9;;;
VW-VERKEERSTEKEN_BORD_CATEGORIE_H;B-SVW-VERKEERSTEKEN_BORD_H01-SO;H1;;;
VW-VERKEERSTEKEN_BORD_CATEGORIE_H;B-SVW-VERKEERSTEKEN_BORD_H02-SO;H2;;;
VW-VERKEERSTEKEN_BORD_CATEGORIE_J;B-SVW-VERKEERSTEKEN_BORD_J01-SO;J1;;;
VW-VERKEERSTEKEN_BORD_CATEGORIE_J;B-SVW-VERKEERSTEKEN_BORD_J10-SO;J10;;;
VW-VERKEERSTEKEN_BORD_CATEGORIE_J;B-SVW-VERKEERSTEKEN_BORD_J11-SO;J11;;;
VW-VERKEERSTEKEN_BORD_CATEGORIE_J;B-SVW-VERKEERSTEKEN_BORD_J12-SO;J12;;;
VW-VERKEERSTEKEN_BORD_CATEGORIE_J;B-SVW-VERKEERSTEKEN_BORD_J13-SO;J13;;;
VW-VERKEERSTEKEN_BORD_CATEGORIE_J;B-SVW-VERKEERSTEKEN_BORD_J14-SO;J14;;;
VW-VERKEERSTEKEN_BORD_CATEGORIE_J;B-SVW-VERKEERSTEKEN_BORD_J15-SO;J15;;;
VW-VERKEERSTEKEN_BORD_CATEGORIE_J;B-SVW-VERKEERSTEKEN_BORD_J16-SO;J16;;;
VW-VERKEERSTEKEN_BORD_CATEGORIE_J;B-SVW-VERKEERSTEKEN_BORD_J17-SO;J17;;;
VW-VERKEERSTEKEN_BORD_CATEGORIE_J;B-SVW-VERKEERSTEKEN_BORD_J18-SO;J18;;;
VW-VERKEERSTEKEN_BORD_CATEGORIE_J;B-SVW-VERKEERSTEKEN_BORD_J19-SO;J19;;;
VW-VERKEERSTEKEN_BORD_CATEGORIE_J;B-SVW-VERKEERSTEKEN_BORD_J02-SO;J2;;;
VW-VERKEERSTEKEN_BORD_CATEGORIE_J;B-SVW-VERKEERSTEKEN_BORD_J20-SO;J20;;;
VW-VERKEERSTEKEN_BORD_CATEGORIE_J;B-SVW-VERKEERSTEKEN_BORD_J21-SO;J21;;;
VW-VERKEERSTEKEN_BORD_CATEGORIE_J;B-SVW-VERKEERSTEKEN_BORD_J22-SO;J22;;;
VW-VERKEERSTEKEN_BORD_CATEGORIE_J;B-SVW-VERKEERSTEKEN_BORD_J23-SO;J23;;;
VW-VERKEERSTEKEN_BORD_CATEGORIE_J;B-SVW-VERKEERSTEKEN_BORD_J24-SO;J24;;;
VW-VERKEERSTEKEN_BORD_CATEGORIE_J;B-SVW-VERKEERSTEKEN_BORD_J25-SO;J25;;;
VW-VERKEERSTEKEN_BORD_CATEGORIE_J;B-SVW-VERKEERSTEKEN_BORD_J26-SO;J26;;;
VW-VERKEERSTEKEN_BORD_CATEGORIE_J;B-SVW-VERKEERSTEKEN_BORD_J27-SO;J27;;;
VW-VERKEERSTEKEN_BORD_CATEGORIE_J;B-SVW-VERKEERSTEKEN_BORD_J28-SO;J28;;;
VW-VERKEERSTEKEN_BORD_CATEGORIE_J;B-SVW-VERKEERSTEKEN_BORD_J29-SO;J29;;;
VW-VERKEERSTEKEN_BORD_CATEGORIE_J;B-SVW-VERKEERSTEKEN_BORD_J03-SO;J3;;;
VW-VERKEERSTEKEN_BORD_CATEGORIE_J;B-SVW-VERKEERSTEKEN_BORD_J30-SO;J30;;;
VW-VERKEERSTEKEN_BORD_CATEGORIE_J;B-SVW-VERKEERSTEKEN_BORD_J31-SO;J31;;;
VW-VERKEERSTEKEN_BORD_CATEGORIE_J;B-SVW-VERKEERSTEKEN_BORD_J32-SO;J32;;;
VW-VERKEERSTEKEN_BORD_CATEGORIE_J;B-SVW-VERKEERSTEKEN_BORD_J33-SO;J33;;;
VW-VERKEERSTEKEN_BORD_CATEGORIE_J;B-SVW-VERKEERSTEKEN_BORD_J34-SO;J34;;;
VW-VERKEERSTEKEN_BORD_CATEGORIE_J;B-SVW-VERKEERSTEKEN_BORD_J36-SO;J36;;;
VW-VERKEERSTEKEN_BORD_CATEGORIE_J;B-SVW-VERKEERSTEKEN_BORD_J37-SO;J37;;;
VW-VERKEERSTEKEN_BORD_CATEGORIE_J;B-SVW-VERKEERSTEKEN_BORD_J38-SO;J38;;;
VW-VERKEERSTEKEN_BORD_CATEGORIE_J;B-SVW-VERKEERSTEKEN_BORD_J39-SO;J39;;;
VW-VERKEERSTEKEN_BORD_CATEGORIE_J;B-SVW-VERKEERSTEKEN_BORD_J04-SO;J4;;;
VW-VERKEERSTEKEN_BORD_CATEGORIE_J;B-SVW-VERKEERSTEKEN_BORD_J05-SO;J5;;;
VW-VERKEERSTEKEN_BORD_CATEGORIE_J;B-SVW-VERKEERSTEKEN_BORD_J06-SO;J6;;;
VW-VERKEERSTEKEN_BORD_CATEGORIE_J;B-SVW-VERKEERSTEKEN_BORD_J07-SO;J7;;;
VW-VERKEERSTEKEN_BORD_CATEGORIE_J;B-SVW-VERKEERSTEKEN_BORD_J08-SO;J8;;;
VW-VERKEERSTEKEN_BORD_CATEGORIE_J;B-SVW-VERKEERSTEKEN_BORD_J09-SO;J9;;;
VW-VERKEERSTEKEN_BORD_CATEGORIE_K;B-SVW-VERKEERSTEKEN_BORD_K14-SO;K14;;;
VW-VERKEERSTEKEN_BORD_CATEGORIE_L;B-SVW-VERKEERSTEKEN_BORD_L01-SO;L1;1,95;;Oplossen met afstemming informatiemodel, voorlopig oplossen in software
VW-VERKEERSTEKEN_BORD_CATEGORIE_L;B-SVW-VERKEERSTEKEN_BORD_L01-SO;L1;2;;Oplossen met afstemming informatiemodel, voorlopig oplossen in software
VW-VERKEERSTEKEN_BORD_CATEGORIE_L;B-SVW-VERKEERSTEKEN_BORD_L01-SO;L1;2,1;;Oplossen met afstemming informatiemodel, voorlopig oplossen in software
VW-VERKEERSTEKEN_BORD_CATEGORIE_L;B-SVW-VERKEERSTEKEN_BORD_L01-SO;L1;2,1;;Oplossen met afstemming informatiemodel, voorlopig oplossen in software
VW-VERKEERSTEKEN_BORD_CATEGORIE_L;B-SVW-VERKEERSTEKEN_BORD_L01-SO;L1;2,2;;Oplossen met afstemming informatiemodel, voorlopig oplossen in software
VW-VERKEERSTEKEN_BORD_CATEGORIE_L;B-SVW-VERKEERSTEKEN_BORD_L01-SO;L1;2,4;;Oplossen met afstemming informatiemodel, voorlopig oplossen in software
VW-VERKEERSTEKEN_BORD_CATEGORIE_L;B-SVW-VERKEERSTEKEN_BORD_L01-SO;L1;2,6;;Oplossen met afstemming informatiemodel, voorlopig oplossen in software
VW-VERKEERSTEKEN_BORD_CATEGORIE_L;B-SVW-VERKEERSTEKEN_BORD_L01-SO;L1;2,7;;Oplossen met afstemming informatiemodel, voorlopig oplossen in software
VW-VERKEERSTEKEN_BORD_CATEGORIE_L;B-SVW-VERKEERSTEKEN_BORD_L01-SO;L1;2,8;;Oplossen met afstemming informatiemodel, voorlopig oplossen in software
VW-VERKEERSTEKEN_BORD_CATEGORIE_L;B-SVW-VERKEERSTEKEN_BORD_L01-SO;L1;2,9;;Oplossen met afstemming informatiemodel, voorlopig oplossen in software
VW-VERKEERSTEKEN_BORD_CATEGORIE_L;B-SVW-VERKEERSTEKEN_BORD_L01-SO;L1;2,95;;Oplossen met afstemming informatiemodel, voorlopig oplossen in software
VW-VERKEERSTEKEN_BORD_CATEGORIE_L;B-SVW-VERKEERSTEKEN_BORD_L01-SO;L1;3;;Oplossen met afstemming informatiemodel, voorlopig oplossen in software
VW-VERKEERSTEKEN_BORD_CATEGORIE_L;B-SVW-VERKEERSTEKEN_BORD_L01-SO;L1;3,1;;Oplossen met afstemming informatiemodel, voorlopig oplossen in software
VW-VERKEERSTEKEN_BORD_CATEGORIE_L;B-SVW-VERKEERSTEKEN_BORD_L01-SO;L1;3,2;;Oplossen met afstemming informatiemodel, voorlopig oplossen in software
VW-VERKEERSTEKEN_BORD_CATEGORIE_L;B-SVW-VERKEERSTEKEN_BORD_L01-SO;L1;3,25;;Oplossen met afstemming informatiemodel, voorlopig oplossen in software
VW-VERKEERSTEKEN_BORD_CATEGORIE_L;B-SVW-VERKEERSTEKEN_BORD_L01-SO;L1;3,4;;Oplossen met afstemming informatiemodel, voorlopig oplossen in software
VW-VERKEERSTEKEN_BORD_CATEGORIE_L;B-SVW-VERKEERSTEKEN_BORD_L01-SO;L1;3,5;;Oplossen met afstemming informatiemodel, voorlopig oplossen in software
VW-VERKEERSTEKEN_BORD_CATEGORIE_L;B-SVW-VERKEERSTEKEN_BORD_L01-SO;L1;3,6;;Oplossen met afstemming informatiemodel, voorlopig oplossen in software
VW-VERKEERSTEKEN_BORD_CATEGORIE_L;B-SVW-VERKEERSTEKEN_BORD_L01-SO;L1;3,7;;Oplossen met afstemming informatiemodel, voorlopig oplossen in software
VW-VERKEERSTEKEN_BORD_CATEGORIE_L;B-SVW-VERKEERSTEKEN_BORD_L01-SO;L1;3,8;;Oplossen met afstemming informatiemodel, voorlopig oplossen in software
VW-VERKEERSTEKEN_BORD_CATEGORIE_L;B-SVW-VERKEERSTEKEN_BORD_L01-SO;L1;3,9;;Oplossen met afstemming informatiemodel, voorlopig oplossen in software
VW-VERKEERSTEKEN_BORD_CATEGORIE_L;B-SVW-VERKEERSTEKEN_BORD_L01-SO;L1;4;;Oplossen met afstemming informatiemodel, voorlopig oplossen in software
VW-VERKEERSTEKEN_BORD_CATEGORIE_L;B-SVW-VERKEERSTEKEN_BORD_L01-SO;L1;4;;Oplossen met afstemming informatiemodel, voorlopig oplossen in software
VW-VERKEERSTEKEN_BORD_CATEGORIE_L;B-SVW-VERKEERSTEKEN_BORD_L01-SO;L1;4,1;;Oplossen met afstemming informatiemodel, voorlopig oplossen in software
VW-VERKEERSTEKEN_BORD_CATEGORIE_L;B-SVW-VERKEERSTEKEN_BORD_L01-SO;L1;4,2;;Oplossen met afstemming informatiemodel, voorlopig oplossen in software
VW-VERKEERSTEKEN_BORD_CATEGORIE_L;B-SVW-VERKEERSTEKEN_BORD_L01-SO;L1;4,3;;Oplossen met afstemming informatiemodel, voorlopig oplossen in software
VW-VERKEERSTEKEN_BORD_CATEGORIE_L;B-SVW-VERKEERSTEKEN_BORD_L01-SO;L1;4,3;;Oplossen met afstemming informatiemodel, voorlopig oplossen in software
VW-VERKEERSTEKEN_BORD_CATEGORIE_L;B-SVW-VERKEERSTEKEN_BORD_L01-SO;L1;4,4;;Oplossen met afstemming informatiemodel, voorlopig oplossen in software
VW-VERKEERSTEKEN_BORD_CATEGORIE_L;B-SVW-VERKEERSTEKEN_BORD_L01-SO;L1;4,5;;Oplossen met afstemming informatiemodel, voorlopig oplossen in software
VW-VERKEERSTEKEN_BORD_CATEGORIE_L;B-SVW-VERKEERSTEKEN_BORD_L01-SO;L1;4,6;;Oplossen met afstemming informatiemodel, voorlopig oplossen in software
VW-VERKEERSTEKEN_BORD_CATEGORIE_L;B-SVW-VERKEERSTEKEN_BORD_L01-SO;L1;4,8;;Oplossen met afstemming informatiemodel, voorlopig oplossen in software
VW-VERKEERSTEKEN_BORD_CATEGORIE_L;B-SVW-VERKEERSTEKEN_BORD_L01-SO;L1;5;;Oplossen met afstemming informatiemodel, voorlopig oplossen in software
VW-VERKEERSTEKEN_BORD_CATEGORIE_L;B-SVW-VERKEERSTEKEN_BORD_L01-SO;L1;5;;Oplossen met afstemming informatiemodel, voorlopig oplossen in software
VW-VERKEERSTEKEN_BORD_CATEGORIE_L;B-SVW-VERKEERSTEKEN_BORD_L01-SO;L1;5,1;;Oplossen met afstemming informatiemodel, voorlopig oplossen in software
VW-VERKEERSTEKEN_BORD_CATEGORIE_L;B-SVW-VERKEERSTEKEN_BORD_L01-SO;L1;5,2;;Oplossen met afstemming informatiemodel, voorlopig oplossen in software
VW-VERKEERSTEKEN_BORD_CATEGORIE_L;B-SVW-VERKEERSTEKEN_BORD_L01-SO;L1;5,4;;Oplossen met afstemming informatiemodel, voorlopig oplossen in software
VW-VERKEERSTEKEN_BORD_CATEGORIE_L;B-SVW-VERKEERSTEKEN_BORD_L01-SO;L1;6;;Oplossen met afstemming informatiemodel, voorlopig oplossen in software
VW-VERKEERSTEKEN_BORD_CATEGORIE_L;B-SVW-VERKEERSTEKEN_BORD_L01-SO;L1;?;;Oplossen met afstemming informatiemodel, voorlopig oplossen in software
VW-VERKEERSTEKEN_BORD_CATEGORIE_L;B-SVW-VERKEERSTEKEN_BORD_L01-SO;L1;4.0;;Oplossen met afstemming informatiemodel, voorlopig oplossen in software
VW-VERKEERSTEKEN_BORD_CATEGORIE_L;B-SVW-VERKEERSTEKEN_BORD_L01-SO;L1;41.0;;Oplossen met afstemming informatiemodel, voorlopig oplossen in software
VW-VERKEERSTEKEN_BORD_CATEGORIE_L;B-SVW-VERKEERSTEKEN_BORD_L01-SO;L1;;;
VW-VERKEERSTEKEN_BORD_CATEGORIE_L;B-SVW-VERKEERSTEKEN_BORD_L10-SO;L10;;;
VW-VERKEERSTEKEN_BORD_CATEGORIE_L;B-SVW-VERKEERSTEKEN_BORD_L11-SO;L11;;;
VW-VERKEERSTEKEN_BORD_CATEGORIE_L;B-SVW-VERKEERSTEKEN_BORD_L12-SO;L12;;;
VW-VERKEERSTEKEN_BORD_CATEGORIE_L;B-SVW-VERKEERSTEKEN_BORD_L13-SO;L13;;;
VW-VERKEERSTEKEN_BORD_CATEGORIE_L;B-SVW-VERKEERSTEKEN_BORD_L14-SO;L14;;;
VW-VERKEERSTEKEN_BORD_CATEGORIE_L;B-SVW-VERKEERSTEKEN_BORD_L15-SO;L15;;;
VW-VERKEERSTEKEN_BORD_CATEGORIE_L;B-SVW-VERKEERSTEKEN_BORD_L16-SO;L16;;;
VW-VERKEERSTEKEN_BORD_CATEGORIE_L;B-SVW-VERKEERSTEKEN_BORD_L17-SO;L17;;;
VW-VERKEERSTEKEN_BORD_CATEGORIE_L;B-SVW-VERKEERSTEKEN_BORD_L18-SO;L18;;;
VW-VERKEERSTEKEN_BORD_CATEGORIE_L;B-SVW-VERKEERSTEKEN_BORD_L19_L-SO;L19;L25;;Oplossen met afstemming informatiemodel, voorlopig oplossen in software
VW-VERKEERSTEKEN_BORD_CATEGORIE_L;B-SVW-VERKEERSTEKEN_BORD_L19_L-SO;L19;L50;;Oplossen met afstemming informatiemodel, voorlopig oplossen in software
VW-VERKEERSTEKEN_BORD_CATEGORIE_L;B-SVW-VERKEERSTEKEN_BORD_L19_R-SO;L19;R25;;Oplossen met afstemming informatiemodel, voorlopig oplossen in software
VW-VERKEERSTEKEN_BORD_CATEGORIE_L;B-SVW-VERKEERSTEKEN_BORD_L02-SO;L2;;;
VW-VERKEERSTEKEN_BORD_CATEGORIE_L;B-SVW-VERKEERSTEKEN_BORD_L20-SO;L20;;;
VW-VERKEERSTEKEN_BORD_CATEGORIE_L;B-SVW-VERKEERSTEKEN_BORD_L21-SO;L21;;;
VW-VERKEERSTEKEN_BORD_CATEGORIE_L;B-SVW-VERKEERSTEKEN_BORD_L03-SO;L3;;;
VW-VERKEERSTEKEN_BORD_CATEGORIE_L;B-SVW-VERKEERSTEKEN_BORD_L03_A-SO;L3a;;;
VW-VERKEERSTEKEN_BORD_CATEGORIE_L;B-SVW-VERKEERSTEKEN_BORD_L03_B-SO;L3b;;;
VW-VERKEERSTEKEN_BORD_CATEGORIE_L;B-SVW-VERKEERSTEKEN_BORD_L03_C-SO;L3c;;;
VW-VERKEERSTEKEN_BORD_CATEGORIE_L;B-SVW-VERKEERSTEKEN_BORD_L04-SO;L4;;;
VW-VERKEERSTEKEN_BORD_CATEGORIE_L;B-SVW-VERKEERSTEKEN_BORD_L05-SO;L5;;;
VW-VERKEERSTEKEN_BORD_CATEGORIE_L;B-SVW-VERKEERSTEKEN_BORD_L06-SO;L6;;;
VW-VERKEERSTEKEN_BORD_CATEGORIE_L;B-SVW-VERKEERSTEKEN_BORD_L07-SO;L7;;;
VW-VERKEERSTEKEN_BORD_CATEGORIE_L;B-SVW-VERKEERSTEKEN_BORD_L08-SO;L8;OB55 + OB02;;
VW-VERKEERSTEKEN_BORD_CATEGORIE_L;B-SVW-VERKEERSTEKEN_BORD_L08-SO;L8;;;
VW-VERKEERSTEKEN_BORD_CATEGORIE_L;B-SVW-VERKEERSTEKEN_BORD_L09_3R-SO;L9;L09-03r;;
