hoofdgroep;object;parent
BC;AANGRENZENDE CONSTRUCTIE_HOUT;AANGRENZENDE CONSTRUCTIE
BC;AANGRENZENDE CONSTRUCTIE_METSELWERK;AANGRENZENDE CONSTRUCTIE
BC;AANGRENZENDE CONSTRUCTIE_STAAL;AANGRENZENDE CONSTRUCTIE
BC;BETONVORM_IN HET WERK GESTORT;BETONVORM
BC;VOORSPANNING_ZONDER AANHECHTING;VOORSPANNING
BC;VOORSPANNING_MET AANHECHTING;VOORSPANNING
BC;VOORSPANNING_ZONDER AANHECHTING_VERANKERING;VOORSPANNING_ZONDER AANHECHTING
BC;VOORSPANNING_ZONDER AANHECHTING_KABEL;VOORSPANNING_ZONDER AANHECHTING
BC;VOORSPANNING_MET AANHECHTING_KABEL;VOORSPANNING_MET AANHECHTING
BC;VOORSPANNING_MET AANHECHTING_VERANKERING;VOORSPANNING_MET AANHECHTING
ES;OPHANGCONSTRUCTIE_HALVE TREK;OPHANGCONSTRUCTIE
ES;AFSPANNING_MODEL D;AFSPANNING
ES;AFSPANNING_MODEL A;AFSPANNING
ES;AFSPANNING_MODEL C;AFSPANNING
ES;AFSPANNING_MODEL F;AFSPANNING
ES;AFSPANNING_MODEL B;AFSPANNING
ES;AFSPANNING_MODEL E;AFSPANNING
ES;ELEKTRISCHEVERBINDING_PAAL SPOORSTAAF;ELEKTRISCHEVERBINDING
ES;ELEKTRISCHEVERBINDING_DOORVERBINDING BOVENLEIDING;ELEKTRISCHEVERBINDING
ES;ELEKTRISCHEVERBINDING_DOORVERBINDING SPOORSTAAF;ELEKTRISCHEVERBINDING
ES;LEIDINGONDERBREKER_DIODE_MET SCHAKELAAR;LEIDINGONDERBREKER_DIODE
ES;LEIDINGONDERBREKER_DIODE_ZONDER SCHAKELAAR;LEIDINGONDERBREKER_DIODE
ES;ELEKTRISCHEVERBINDING_MINUSKABEL_600 750V;ELEKTRISCHEVERBINDING_MINUSKABEL
ES;ELEKTRISCHEVERBINDING_DOORVERBINDING BOVENLEIDING_RDDR;ELEKTRISCHEVERBINDING_DOORVERBINDING BOVENLEIDING
ES;ELEKTRISCHEVERBINDING_DOORVERBINDING BOVENLEIDING_RDVVDR;ELEKTRISCHEVERBINDING_DOORVERBINDING BOVENLEIDING
ES;ELEKTRISCHEVERBINDING_DOORVERBINDING BOVENLEIDING_RR;ELEKTRISCHEVERBINDING_DOORVERBINDING BOVENLEIDING
ES;ELEKTRISCHEVERBINDING_DOORVERBINDING SPOORSTAAF_DUBBEL_VIGNOLERAIL;ELEKTRISCHEVERBINDING_DOORVERBINDING SPOORSTAAF
ES;ELEKTRISCHEVERBINDING_DOORVERBINDING SPOORSTAAF_ENKEL_GROEFRAIL;ELEKTRISCHEVERBINDING_DOORVERBINDING SPOORSTAAF
ES;ELEKTRISCHEVERBINDING_DOORVERBINDING SPOORSTAAF_ENKEL_VIGNOLERAIL;ELEKTRISCHEVERBINDING_DOORVERBINDING SPOORSTAAF
ES;ELEKTRISCHEVERBINDING_DOORVERBINDING SPOORSTAAF_DUBBEL_GROEFRAIL;ELEKTRISCHEVERBINDING_DOORVERBINDING SPOORSTAAF
ES;ELEKTRISCHEVERBINDING_KABEL_VOEDINGSKABEL_600 750V;ELEKTRISCHEVERBINDING_KABEL_VOEDINGSKABEL
FC;PAAL_BETON_IN DE GRONDGEVORMD;PAAL_BETON
FC;PAAL_BETON_IN DE GRONDGEVORMD_TREKPAAL;PAAL_BETON_IN DE GRONDGEVORMD
GK;KEERWAND_TERRE ARMEE;KEERWAND
GK;KADEMUUR_OVERBOUWD TALUD;KADEMUUR
GK;KADEMUUR_OVERBOUWD TALUD_DEK OVER GLOOIINGSCONSTRUCTIE;KADEMUUR_OVERBOUWD TALUD
GK;KADEMUUR_OVERBOUWD TALUD_MET KERENDE WAND;KADEMUUR_OVERBOUWD TALUD
GK;KADEMUUR_GEWICHTSCONSTRUCTIE_L MUUR;KADEMUUR_GEWICHTSCONSTRUCTIE
GK;KADEMUUR_GEWICHTSCONSTRUCTIE_TERRE ARMEE;KADEMUUR_GEWICHTSCONSTRUCTIE
GR;BOOM_IN VERHARDING;BOOM
GR;BOOM_IN GRAS;BOOM
GR;BOOM_IN BEPLANTING;BOOM
GR;BOOM_IN BOSPLANTSOEN;BOOM
GR;DUIN_OPEN VEGETATIE;DUIN
GR;DUIN_GESLOTEN VEGETATIE;DUIN
GR;BEPLANTING_VASTE PLANTEN;BEPLANTING
GR;BEPLANTING_EENJARIGE PLANTEN;BEPLANTING
GR;BOOM_KNOT_IN CONTAINER;BOOM_KNOT
GR;BOOM_KNOT_ZONDER KLUIT;BOOM_KNOT
GR;BOOM_KNOT_MET KLUIT;BOOM_KNOT
GR;BOOM_KNOT_1E GROOTTE;BOOM_KNOT
GR;BOOM_KNOT_3E GROOTTE;BOOM_KNOT
GR;BOOM_KNOT_2E GROOTTE;BOOM_KNOT
GR;BOOM_LEI_2E GROOTTE;BOOM_LEI
GR;BOOM_LEI_MET KLUIT;BOOM_LEI
GR;BOOM_LEI_1E GROOTTE;BOOM_LEI
GR;BOOM_LEI_3E GROOTTE;BOOM_LEI
GR;BOOM_LEI_IN CONTAINER;BOOM_LEI
GR;BOOM_LEI_ZONDER KLUIT;BOOM_LEI
GR;BOOM_VORM_2E GROOTTE;BOOM_VORM
GR;BOOM_VORM_IN CONTAINER;BOOM_VORM
GR;BOOM_VORM_1E GROOTTE;BOOM_VORM
GR;BOOM_VORM_3E GROOTTE;BOOM_VORM
GR;BOOM_VORM_MET KLUIT;BOOM_VORM
GR;BOOM_VORM_ZONDER KLUIT;BOOM_VORM
GR;BOOM_BEVEERD_IN CONTAINER;BOOM_BEVEERD
GR;BOOM_BEVEERD_MET KLUIT;BOOM_BEVEERD
GR;BOOM_BEVEERD_ZONDER KLUIT;BOOM_BEVEERD
GR;BOOM_BEVEERD_3E GROOTTE;BOOM_BEVEERD
GR;BOOM_BEVEERD_2E GROOTTE;BOOM_BEVEERD
GR;BOOM_BEVEERD_1E GROOTTE;BOOM_BEVEERD
GR;BOOM_HOOGSTAM_ZONDER KLUIT;BOOM_HOOGSTAM
GR;BOOM_HOOGSTAM_1E GROOTTE;BOOM_HOOGSTAM
GR;BOOM_HOOGSTAM_IN CONTAINER;BOOM_HOOGSTAM
GR;BOOM_HOOGSTAM_MET KLUIT;BOOM_HOOGSTAM
GR;BOOM_HOOGSTAM_3E GROOTTE;BOOM_HOOGSTAM
GR;BOOM_HOOGSTAM_2E GROOTTE;BOOM_HOOGSTAM
GR;BOOM_MEERSTAMMIG_MET KLUIT;BOOM_MEERSTAMMIG
GR;BOOM_MEERSTAMMIG_2E GROOTTE;BOOM_MEERSTAMMIG
GR;BOOM_MEERSTAMMIG_ZONDER KLUIT;BOOM_MEERSTAMMIG
GR;BOOM_MEERSTAMMIG_IN CONTAINER;BOOM_MEERSTAMMIG
GR;BOOM_MEERSTAMMIG_3E GROOTTE;BOOM_MEERSTAMMIG
GR;BOOM_MEERSTAMMIG_1E GROOTTE;BOOM_MEERSTAMMIG
GR;BOOM_LAAGSTAM_ZONDER KLUIT;BOOM_LAAGSTAM
GR;BOOM_LAAGSTAM_MET KLUIT;BOOM_LAAGSTAM
GR;BOOM_LAAGSTAM_3E GROOTTE;BOOM_LAAGSTAM
GR;BOOM_LAAGSTAM_1E GROOTTE;BOOM_LAAGSTAM
GR;BOOM_LAAGSTAM_2E GROOTTE;BOOM_LAAGSTAM
GR;BOOM_LAAGSTAM_IN CONTAINER;BOOM_LAAGSTAM
GR;FRUITTEELT_BOOMGAARD_KLEIN FRUIT;FRUITTEELT_BOOMGAARD
GR;BOOM_KNOT_IN CONTAINER_1E GROOTTE;BOOM_KNOT_IN CONTAINER
GR;BOOM_KNOT_IN CONTAINER_3E GROOTTE;BOOM_KNOT_IN CONTAINER
GR;BOOM_KNOT_IN CONTAINER_2E GROOTTE;BOOM_KNOT_IN CONTAINER
GR;BOOM_KNOT_STAAK_2E GROOTTE;BOOM_KNOT_STAAK
GR;BOOM_KNOT_STAAK_1E GROOTTE;BOOM_KNOT_STAAK
GR;BOOM_KNOT_STAAK_3E GROOTTE;BOOM_KNOT_STAAK
GR;BOOM_KNOT_ZONDER KLUIT_2E GROOTTE;BOOM_KNOT_ZONDER KLUIT
GR;BOOM_KNOT_ZONDER KLUIT_1E GROOTTE;BOOM_KNOT_ZONDER KLUIT
GR;BOOM_KNOT_ZONDER KLUIT_3E GROOTTE;BOOM_KNOT_ZONDER KLUIT
GR;BOOM_KNOT_MET KLUIT_1E GROOTTE;BOOM_KNOT_MET KLUIT
GR;BOOM_KNOT_MET KLUIT_2E GROOTTE;BOOM_KNOT_MET KLUIT
GR;BOOM_KNOT_MET KLUIT_3E GROOTTE;BOOM_KNOT_MET KLUIT
GR;BOOM_LEI_MET KLUIT_1E GROOTTE;BOOM_LEI_MET KLUIT
GR;BOOM_LEI_MET KLUIT_2E GROOTTE;BOOM_LEI_MET KLUIT
GR;BOOM_LEI_MET KLUIT_3E GROOTTE;BOOM_LEI_MET KLUIT
GR;BOOM_LEI_IN CONTAINER_1E GROOTTE;BOOM_LEI_IN CONTAINER
GR;BOOM_LEI_IN CONTAINER_2E GROOTTE;BOOM_LEI_IN CONTAINER
GR;BOOM_LEI_IN CONTAINER_3E GROOTTE;BOOM_LEI_IN CONTAINER
GR;BOOM_LEI_ZONDER KLUIT_3E GROOTTE;BOOM_LEI_ZONDER KLUIT
GR;BOOM_LEI_ZONDER KLUIT_1E GROOTTE;BOOM_LEI_ZONDER KLUIT
GR;BOOM_LEI_ZONDER KLUIT_2E GROOTTE;BOOM_LEI_ZONDER KLUIT
GR;BOOM_VORM_IN CONTAINER_1E GROOTTE;BOOM_VORM_IN CONTAINER
GR;BOOM_VORM_IN CONTAINER_2E GROOTTE;BOOM_VORM_IN CONTAINER
GR;BOOM_VORM_IN CONTAINER_3E GROOTTE;BOOM_VORM_IN CONTAINER
GR;BOOM_VORM_MET KLUIT_2E GROOTTE;BOOM_VORM_MET KLUIT
GR;BOOM_VORM_MET KLUIT_1E GROOTTE;BOOM_VORM_MET KLUIT
GR;BOOM_VORM_MET KLUIT_3E GROOTTE;BOOM_VORM_MET KLUIT
GR;BOOM_VORM_ZONDER KLUIT_3E GROOTTE;BOOM_VORM_ZONDER KLUIT
GR;BOOM_VORM_ZONDER KLUIT_1E GROOTTE;BOOM_VORM_ZONDER KLUIT
GR;BOOM_VORM_ZONDER KLUIT_2E GROOTTE;BOOM_VORM_ZONDER KLUIT
GR;BOOM_BEVEERD_IN CONTAINER_2E GROOTTE;BOOM_BEVEERD_IN CONTAINER
GR;BOOM_BEVEERD_IN CONTAINER_3E GROOTTE;BOOM_BEVEERD_IN CONTAINER
GR;BOOM_BEVEERD_IN CONTAINER_1E GROOTTE;BOOM_BEVEERD_IN CONTAINER
GR;BOOM_BEVEERD_MET KLUIT_2E GROOTTE;BOOM_BEVEERD_MET KLUIT
GR;BOOM_BEVEERD_MET KLUIT_3E GROOTTE;BOOM_BEVEERD_MET KLUIT
GR;BOOM_BEVEERD_MET KLUIT_1E GROOTTE;BOOM_BEVEERD_MET KLUIT
GR;BOOM_BEVEERD_ZONDER KLUIT_1E GROOTTE;BOOM_BEVEERD_ZONDER KLUIT
GR;BOOM_BEVEERD_ZONDER KLUIT_3E GROOTTE;BOOM_BEVEERD_ZONDER KLUIT
GR;BOOM_BEVEERD_ZONDER KLUIT_2E GROOTTE;BOOM_BEVEERD_ZONDER KLUIT
GR;BOOM_HOOGSTAM_ZONDER KLUIT_2E GROOTTE;BOOM_HOOGSTAM_ZONDER KLUIT
GR;BOOM_HOOGSTAM_ZONDER KLUIT_1E GROOTTE;BOOM_HOOGSTAM_ZONDER KLUIT
GR;BOOM_HOOGSTAM_ZONDER KLUIT_3E GROOTTE;BOOM_HOOGSTAM_ZONDER KLUIT
GR;BOOM_HOOGSTAM_IN CONTAINER_2E GROOTTE;BOOM_HOOGSTAM_IN CONTAINER
GR;BOOM_HOOGSTAM_IN CONTAINER_1E GROOTTE;BOOM_HOOGSTAM_IN CONTAINER
GR;BOOM_HOOGSTAM_IN CONTAINER_3E GROOTTE;BOOM_HOOGSTAM_IN CONTAINER
GR;BOOM_HOOGSTAM_MET KLUIT_3E GROOTTE;BOOM_HOOGSTAM_MET KLUIT
GR;BOOM_HOOGSTAM_MET KLUIT_1E GROOTTE;BOOM_HOOGSTAM_MET KLUIT
GR;BOOM_HOOGSTAM_MET KLUIT_2E GROOTTE;BOOM_HOOGSTAM_MET KLUIT
GR;BOOM_MEERSTAMMIG_MET KLUIT_1E GROOTTE;BOOM_MEERSTAMMIG_MET KLUIT
GR;BOOM_MEERSTAMMIG_MET KLUIT_3E GROOTTE;BOOM_MEERSTAMMIG_MET KLUIT
GR;BOOM_MEERSTAMMIG_MET KLUIT_2E GROOTTE;BOOM_MEERSTAMMIG_MET KLUIT
GR;BOOM_MEERSTAMMIG_ZONDER KLUIT_1E GROOTTE;BOOM_MEERSTAMMIG_ZONDER KLUIT
GR;BOOM_MEERSTAMMIG_ZONDER KLUIT_2E GROOTTE;BOOM_MEERSTAMMIG_ZONDER KLUIT
GR;BOOM_MEERSTAMMIG_ZONDER KLUIT_3E GROOTTE;BOOM_MEERSTAMMIG_ZONDER KLUIT
GR;BOOM_MEERSTAMMIG_IN CONTAINER_3E GROOTTE;BOOM_MEERSTAMMIG_IN CONTAINER
GR;BOOM_MEERSTAMMIG_IN CONTAINER_1E GROOTTE;BOOM_MEERSTAMMIG_IN CONTAINER
GR;BOOM_MEERSTAMMIG_IN CONTAINER_2E GROOTTE;BOOM_MEERSTAMMIG_IN CONTAINER
GR;BOOM_LAAGSTAM_ZONDER KLUIT_3E GROOTTE;BOOM_LAAGSTAM_ZONDER KLUIT
GR;BOOM_LAAGSTAM_ZONDER KLUIT_1E GROOTTE;BOOM_LAAGSTAM_ZONDER KLUIT
GR;BOOM_LAAGSTAM_ZONDER KLUIT_2E GROOTTE;BOOM_LAAGSTAM_ZONDER KLUIT
GR;BOOM_LAAGSTAM_MET KLUIT_2E GROOTTE;BOOM_LAAGSTAM_MET KLUIT
GR;BOOM_LAAGSTAM_MET KLUIT_3E GROOTTE;BOOM_LAAGSTAM_MET KLUIT
GR;BOOM_LAAGSTAM_MET KLUIT_1E GROOTTE;BOOM_LAAGSTAM_MET KLUIT
GR;BOOM_LAAGSTAM_IN CONTAINER_3E GROOTTE;BOOM_LAAGSTAM_IN CONTAINER
GR;BOOM_LAAGSTAM_IN CONTAINER_2E GROOTTE;BOOM_LAAGSTAM_IN CONTAINER
GR;BOOM_LAAGSTAM_IN CONTAINER_1E GROOTTE;BOOM_LAAGSTAM_IN CONTAINER
HC;AANGRENZENDE CONSTRUCTIE_BETON;AANGRENZENDE CONSTRUCTIE
HC;AANGRENZENDE CONSTRUCTIE_METSELWERK;AANGRENZENDE CONSTRUCTIE
HC;AANGRENZENDE CONSTRUCTIE_STAAL;AANGRENZENDE CONSTRUCTIE
IE;CONSTRUCTIEVE AFSCHEIDING_HEKWERK;CONSTRUCTIEVE AFSCHEIDING
IE;CONSTRUCTIEVE AFSCHEIDING_SCHUTTING;CONSTRUCTIEVE AFSCHEIDING
IE;CONSTRUCTIEVE AFSCHEIDING_MUUR;CONSTRUCTIEVE AFSCHEIDING
IE;MEUBILAIR_AFVAL APART PLAATS;MEUBILAIR
IE;MEUBILAIR_DECORATIEVE INRICHTING;MEUBILAIR
IE;CONSTRUCTIEVE AFSCHEIDING_HEKWERK_DOORGANG;CONSTRUCTIEVE AFSCHEIDING_HEKWERK
IE;CONSTRUCTIEVE AFSCHEIDING_HEKWERK_GAASHEKWERK;CONSTRUCTIEVE AFSCHEIDING_HEKWERK
IE;CONSTRUCTIEVE AFSCHEIDING_HEKWERK_BALLENVANGER;CONSTRUCTIEVE AFSCHEIDING_HEKWERK
IE;CONSTRUCTIEVE AFSCHEIDING_HEKWERK_BUISHEKWERK;CONSTRUCTIEVE AFSCHEIDING_HEKWERK
IE;CONSTRUCTIEVE AFSCHEIDING_HEKWERK_STAAFMATHEKWERK;CONSTRUCTIEVE AFSCHEIDING_HEKWERK
IE;CONSTRUCTIEVE AFSCHEIDING_HEKWERK_SPIJLENHEKWERK;CONSTRUCTIEVE AFSCHEIDING_HEKWERK
IE;CONSTRUCTIEVE AFSCHEIDING_HEKWERK_HOUTEN HEKWERK;CONSTRUCTIEVE AFSCHEIDING_HEKWERK
IE;CONSTRUCTIEVE AFSCHEIDING_HEKWERK_RASTERHEKWERK;CONSTRUCTIEVE AFSCHEIDING_HEKWERK
IE;CONSTRUCTIEVE AFSCHEIDING_HEKWERK_KUNSTSTOF HEKWERK;CONSTRUCTIEVE AFSCHEIDING_HEKWERK
IE;CONSTRUCTIEVE AFSCHEIDING_HEKWERK_SCHAPENHEKWERK;CONSTRUCTIEVE AFSCHEIDING_HEKWERK
IE;CONSTRUCTIEVE AFSCHEIDING_HEKWERK_LEUNHEKWERK;CONSTRUCTIEVE AFSCHEIDING_HEKWERK
IE;CONSTRUCTIEVE AFSCHEIDING_HEKWERK_HOOG;CONSTRUCTIEVE AFSCHEIDING_HEKWERK
IE;CONSTRUCTIEVE AFSCHEIDING_HEKWERK_LAAG;CONSTRUCTIEVE AFSCHEIDING_HEKWERK
IE;CONSTRUCTIEVE AFSCHEIDING_HEKWERK_GAASHEKWERK_HOOG;CONSTRUCTIEVE AFSCHEIDING_HEKWERK_GAASHEKWERK
IE;CONSTRUCTIEVE AFSCHEIDING_HEKWERK_GAASHEKWERK_LAAG;CONSTRUCTIEVE AFSCHEIDING_HEKWERK_GAASHEKWERK
IE;CONSTRUCTIEVE AFSCHEIDING_HEKWERK_BALLENVANGER_HOOG;CONSTRUCTIEVE AFSCHEIDING_HEKWERK_BALLENVANGER
IE;CONSTRUCTIEVE AFSCHEIDING_HEKWERK_BALLENVANGER_LAAG;CONSTRUCTIEVE AFSCHEIDING_HEKWERK_BALLENVANGER
IE;CONSTRUCTIEVE AFSCHEIDING_HEKWERK_BUISHEKWERK_LAAG;CONSTRUCTIEVE AFSCHEIDING_HEKWERK_BUISHEKWERK
IE;CONSTRUCTIEVE AFSCHEIDING_HEKWERK_BUISHEKWERK_HOOG;CONSTRUCTIEVE AFSCHEIDING_HEKWERK_BUISHEKWERK
IE;CONSTRUCTIEVE AFSCHEIDING_HEKWERK_STAAFMATHEKWERK_HOOG;CONSTRUCTIEVE AFSCHEIDING_HEKWERK_STAAFMATHEKWERK
IE;CONSTRUCTIEVE AFSCHEIDING_HEKWERK_STAAFMATHEKWERK_LAAG;CONSTRUCTIEVE AFSCHEIDING_HEKWERK_STAAFMATHEKWERK
IE;CONSTRUCTIEVE AFSCHEIDING_HEKWERK_SPIJLENHEKWERK_HOOG;CONSTRUCTIEVE AFSCHEIDING_HEKWERK_SPIJLENHEKWERK
IE;CONSTRUCTIEVE AFSCHEIDING_HEKWERK_SPIJLENHEKWERK_LAAG;CONSTRUCTIEVE AFSCHEIDING_HEKWERK_SPIJLENHEKWERK
IE;CONSTRUCTIEVE AFSCHEIDING_HEKWERK_HOUTEN HEKWERK_LAAG;CONSTRUCTIEVE AFSCHEIDING_HEKWERK_HOUTEN HEKWERK
IE;CONSTRUCTIEVE AFSCHEIDING_HEKWERK_HOUTEN HEKWERK_HOOG;CONSTRUCTIEVE AFSCHEIDING_HEKWERK_HOUTEN HEKWERK
IE;CONSTRUCTIEVE AFSCHEIDING_HEKWERK_RASTERHEKWERK_HOOG;CONSTRUCTIEVE AFSCHEIDING_HEKWERK_RASTERHEKWERK
IE;CONSTRUCTIEVE AFSCHEIDING_HEKWERK_RASTERHEKWERK_LAAG;CONSTRUCTIEVE AFSCHEIDING_HEKWERK_RASTERHEKWERK
IE;CONSTRUCTIEVE AFSCHEIDING_HEKWERK_KUNSTSTOF HEKWERK_LAAG;CONSTRUCTIEVE AFSCHEIDING_HEKWERK_KUNSTSTOF HEKWERK
IE;CONSTRUCTIEVE AFSCHEIDING_HEKWERK_KUNSTSTOF HEKWERK_HOOG;CONSTRUCTIEVE AFSCHEIDING_HEKWERK_KUNSTSTOF HEKWERK
IE;CONSTRUCTIEVE AFSCHEIDING_HEKWERK_SCHAPENHEKWERK_HOOG;CONSTRUCTIEVE AFSCHEIDING_HEKWERK_SCHAPENHEKWERK
IE;CONSTRUCTIEVE AFSCHEIDING_HEKWERK_SCHAPENHEKWERK_LAAG;CONSTRUCTIEVE AFSCHEIDING_HEKWERK_SCHAPENHEKWERK
IE;CONSTRUCTIEVE AFSCHEIDING_HEKWERK_LEUNHEKWERK_HOOG;CONSTRUCTIEVE AFSCHEIDING_HEKWERK_LEUNHEKWERK
IE;CONSTRUCTIEVE AFSCHEIDING_HEKWERK_LEUNHEKWERK_LAAG;CONSTRUCTIEVE AFSCHEIDING_HEKWERK_LEUNHEKWERK
IS;COMPONENT_ARI MAGNEET;COMPONENT
IS;SEIN_OMROEP INTERCOM;SEIN
IS;SEIN_H EN K ROOD WIT;SEIN
IS;SEIN_F0 F1;SEIN
KC;AANGRENZENDE CONSTRUCTIE_HOUT;AANGRENZENDE CONSTRUCTIE
KC;AANGRENZENDE CONSTRUCTIE_BETON;AANGRENZENDE CONSTRUCTIE
KC;AANGRENZENDE CONSTRUCTIE_METSELWERK;AANGRENZENDE CONSTRUCTIE
KC;AANGRENZENDE CONSTRUCTIE_STAAL;AANGRENZENDE CONSTRUCTIE
KG;GRENS_KADASTRALE PERCEELGRENS;GRENS
KG;GRENS_UITGEEFBAAR GEBIED;GRENS
KL;WARMTENET_T STUK_SPP;WARMTENET
KL;DATA_LOZE LEIDING;DATA
KL;WARMTENET_REDUCTIESTUK_SPP_DN400 630 DN350 560;WARMTENET_REDUCTIESTUK_SPP
KL;WARMTENET_REDUCTIESTUK_SPP_DN250 450 DN200 355;WARMTENET_REDUCTIESTUK_SPP
KL;WARMTENET_REDUCTIESTUK_SPP_DN32 125 DN25 110;WARMTENET_REDUCTIESTUK_SPP
KL;WARMTENET_REDUCTIESTUK_SPP_DN350 560 DN300 500;WARMTENET_REDUCTIESTUK_SPP
KL;WARMTENET_REDUCTIESTUK_SPP_DN50 140 DN40 125;WARMTENET_REDUCTIESTUK_SPP
KL;WARMTENET_REDUCTIESTUK_SPP_DN300 500 DN200 355;WARMTENET_REDUCTIESTUK_SPP
KL;WARMTENET_REDUCTIESTUK_SPP_DN500 800 DN400 630;WARMTENET_REDUCTIESTUK_SPP
KL;WARMTENET_REDUCTIESTUK_SPP_DN40 125 DN32 125;WARMTENET_REDUCTIESTUK_SPP
KL;WARMTENET_REDUCTIESTUK_SPP_DN200 355 DN150 280;WARMTENET_REDUCTIESTUK_SPP
KL;WARMTENET_REDUCTIESTUK_SPP_DN450 710 DN350 560;WARMTENET_REDUCTIESTUK_SPP
KL;WARMTENET_REDUCTIESTUK_SPP_DN25 110 DN20 110;WARMTENET_REDUCTIESTUK_SPP
KL;WARMTENET_REDUCTIESTUK_SPP_DN300 500 DN250 450;WARMTENET_REDUCTIESTUK_SPP
KL;WARMTENET_REDUCTIESTUK_SPP_DN65 160 DN40 125;WARMTENET_REDUCTIESTUK_SPP
KL;WARMTENET_REDUCTIESTUK_SPP_DN500 800 DN450 710;WARMTENET_REDUCTIESTUK_SPP
KL;WARMTENET_REDUCTIESTUK_SPP_DN80 180 DN65 160;WARMTENET_REDUCTIESTUK_SPP
KL;WARMTENET_REDUCTIESTUK_SPP_DN125 250 DN80 180;WARMTENET_REDUCTIESTUK_SPP
KL;WARMTENET_REDUCTIESTUK_SPP_DN150 280 DN100 225;WARMTENET_REDUCTIESTUK_SPP
KL;WARMTENET_REDUCTIESTUK_SPP_DN250 450 DN150 280;WARMTENET_REDUCTIESTUK_SPP
KL;WARMTENET_REDUCTIESTUK_SPP_DN80 180 DN50 140;WARMTENET_REDUCTIESTUK_SPP
KL;WARMTENET_REDUCTIESTUK_SPP_DN32 125 DN20 110;WARMTENET_REDUCTIESTUK_SPP
KL;WARMTENET_REDUCTIESTUK_SPP_DN350 560 DN250 450;WARMTENET_REDUCTIESTUK_SPP
KL;WARMTENET_REDUCTIESTUK_SPP_DN200 355 DN125 250;WARMTENET_REDUCTIESTUK_SPP
KL;WARMTENET_REDUCTIESTUK_SPP_DN65 160 DN50 140;WARMTENET_REDUCTIESTUK_SPP
KL;WARMTENET_REDUCTIESTUK_SPP_DN100 225 DN80 180;WARMTENET_REDUCTIESTUK_SPP
KL;WARMTENET_REDUCTIESTUK_SPP_DN50 140 DN32 125;WARMTENET_REDUCTIESTUK_SPP
KL;WARMTENET_REDUCTIESTUK_SPP_DN450 710 DN400 630;WARMTENET_REDUCTIESTUK_SPP
KL;WARMTENET_REDUCTIESTUK_SPP_DN125 250 DN100 225;WARMTENET_REDUCTIESTUK_SPP
KL;WARMTENET_REDUCTIESTUK_SPP_DN100 225 DN65 160;WARMTENET_REDUCTIESTUK_SPP
KL;WARMTENET_REDUCTIESTUK_SPP_DN40 125 DN25 110;WARMTENET_REDUCTIESTUK_SPP
KL;WARMTENET_REDUCTIESTUK_SPP_DN400 630 DN300 500;WARMTENET_REDUCTIESTUK_SPP
KL;WARMTENET_REDUCTIESTUK_SPP_DN150 280 DN125 250;WARMTENET_REDUCTIESTUK_SPP
KL;WARMTENET_RETOUR_SPP_DN150 280;WARMTENET_RETOUR_SPP
KL;WARMTENET_RETOUR_SPP_DN125 250;WARMTENET_RETOUR_SPP
KL;WARMTENET_RETOUR_SPP_DN350 560;WARMTENET_RETOUR_SPP
KL;WARMTENET_RETOUR_SPP_DN300 500;WARMTENET_RETOUR_SPP
KL;WARMTENET_RETOUR_SPP_DN600 900;WARMTENET_RETOUR_SPP
KL;WARMTENET_RETOUR_SPP_DN400 630;WARMTENET_RETOUR_SPP
KL;WARMTENET_RETOUR_SPP_DN25 110;WARMTENET_RETOUR_SPP
KL;WARMTENET_RETOUR_SPP_DN50 140;WARMTENET_RETOUR_SPP
KL;WARMTENET_RETOUR_SPP_DN20 110;WARMTENET_RETOUR_SPP
KL;WARMTENET_RETOUR_SPP_DN500 800;WARMTENET_RETOUR_SPP
KL;WARMTENET_RETOUR_SPP_DN40 125;WARMTENET_RETOUR_SPP
KL;WARMTENET_RETOUR_SPP_DN450 710;WARMTENET_RETOUR_SPP
KL;WARMTENET_RETOUR_SPP_DN200 355;WARMTENET_RETOUR_SPP
KL;WARMTENET_RETOUR_SPP_DN250 450;WARMTENET_RETOUR_SPP
KL;WARMTENET_RETOUR_SPP_DN65 160;WARMTENET_RETOUR_SPP
KL;WARMTENET_RETOUR_SPP_DN32 125;WARMTENET_RETOUR_SPP
KL;WARMTENET_RETOUR_SPP_DN100 225;WARMTENET_RETOUR_SPP
KL;WARMTENET_RETOUR_SPP_DN80 180;WARMTENET_RETOUR_SPP
KL;WARMTENET_T STUK_SPP_DN100 225XDN32 125;WARMTENET_T STUK_SPP
KL;WARMTENET_T STUK_SPP_DN20 110XDN20 110;WARMTENET_T STUK_SPP
KL;WARMTENET_T STUK_SPP_DN500 800XDN400 630;WARMTENET_T STUK_SPP
KL;WARMTENET_T STUK_SPP_DN100 225XDN40 125;WARMTENET_T STUK_SPP
KL;WARMTENET_T STUK_SPP_DN65 160XDN50 140;WARMTENET_T STUK_SPP
KL;WARMTENET_T STUK_SPP_DN50 140XDN50 140;WARMTENET_T STUK_SPP
KL;WARMTENET_T STUK_SPP_DN300 500XDN80 180;WARMTENET_T STUK_SPP
KL;WARMTENET_T STUK_SPP_DN450 710XDN300 500;WARMTENET_T STUK_SPP
KL;WARMTENET_T STUK_SPP_DN400 630XDN32 125;WARMTENET_T STUK_SPP
KL;WARMTENET_T STUK_SPP_DN200 355XDN40 125;WARMTENET_T STUK_SPP
KL;WARMTENET_T STUK_SPP_DN300 500XDN300 500;WARMTENET_T STUK_SPP
KL;WARMTENET_T STUK_SPP_DN300 500XDN32 125;WARMTENET_T STUK_SPP
KL;WARMTENET_T STUK_SPP_DN350 560XDN50 140;WARMTENET_T STUK_SPP
KL;WARMTENET_T STUK_SPP_DN450 710XDN250 450;WARMTENET_T STUK_SPP
KL;WARMTENET_T STUK_SPP_DN100 225XDN25 110;WARMTENET_T STUK_SPP
KL;WARMTENET_T STUK_SPP_DN450 710XDN350 560;WARMTENET_T STUK_SPP
KL;WARMTENET_T STUK_SPP_DN200 355XDN65 160;WARMTENET_T STUK_SPP
KL;WARMTENET_T STUK_SPP_DN100 225XDN50 140;WARMTENET_T STUK_SPP
KL;WARMTENET_T STUK_SPP_DN500 800XDN32 125;WARMTENET_T STUK_SPP
KL;WARMTENET_T STUK_SPP_DN450 710XDN400 630;WARMTENET_T STUK_SPP
KL;WARMTENET_T STUK_SPP_DN200 355XDN25 110;WARMTENET_T STUK_SPP
KL;WARMTENET_T STUK_SPP_DN600 900XDN350 560;WARMTENET_T STUK_SPP
KL;WARMTENET_T STUK_SPP_DN350 560XDN65 160;WARMTENET_T STUK_SPP
KL;WARMTENET_T STUK_SPP_DN80 180XDN80 180;WARMTENET_T STUK_SPP
KL;WARMTENET_T STUK_SPP_DN600 900XDN250 450;WARMTENET_T STUK_SPP
KL;WARMTENET_T STUK_SPP_DN300 500XDN200 355;WARMTENET_T STUK_SPP
KL;WARMTENET_T STUK_SPP_DN600 900XDN100 225;WARMTENET_T STUK_SPP
KL;WARMTENET_T STUK_SPP_DN500 800XDN200 355;WARMTENET_T STUK_SPP
KL;WARMTENET_T STUK_SPP_DN350 560XDN125 250;WARMTENET_T STUK_SPP
KL;WARMTENET_T STUK_SPP_DN200 355XDN50 140;WARMTENET_T STUK_SPP
KL;WARMTENET_T STUK_SPP_DN100 225XDN65 160;WARMTENET_T STUK_SPP
KL;WARMTENET_T STUK_SPP_DN400 630XDN200 355;WARMTENET_T STUK_SPP
KL;WARMTENET_T STUK_SPP_DN200 355XDN125 250;WARMTENET_T STUK_SPP
KL;WARMTENET_T STUK_SPP_DN600 900XDN65 160;WARMTENET_T STUK_SPP
KL;WARMTENET_T STUK_SPP_DN400 630XDN25 110;WARMTENET_T STUK_SPP
KL;WARMTENET_T STUK_SPP_DN350 560XDN150 280;WARMTENET_T STUK_SPP
KL;WARMTENET_T STUK_SPP_DN200 355XDN100 225;WARMTENET_T STUK_SPP
KL;WARMTENET_T STUK_SPP_DN600 900XDN80 180;WARMTENET_T STUK_SPP
KL;WARMTENET_T STUK_SPP_DN600 900XDN200 355;WARMTENET_T STUK_SPP
KL;WARMTENET_T STUK_SPP_DN125 250XDN32 125;WARMTENET_T STUK_SPP
KL;WARMTENET_T STUK_SPP_DN400 630XDN250 450;WARMTENET_T STUK_SPP
KL;WARMTENET_T STUK_SPP_DN65 160XDN25 110;WARMTENET_T STUK_SPP
KL;WARMTENET_T STUK_SPP_DN250 450XDN200 355;WARMTENET_T STUK_SPP
KL;WARMTENET_T STUK_SPP_DN40 125XDN40 125;WARMTENET_T STUK_SPP
KL;WARMTENET_T STUK_SPP_DN80 180XDN32 125;WARMTENET_T STUK_SPP
KL;WARMTENET_T STUK_SPP_DN50 140XDN32 125;WARMTENET_T STUK_SPP
KL;WARMTENET_T STUK_SPP_DN600 900XDN300 500;WARMTENET_T STUK_SPP
KL;WARMTENET_T STUK_SPP_DN450 710XDN40 125;WARMTENET_T STUK_SPP
KL;WARMTENET_T STUK_SPP_DN500 800XDN25 110;WARMTENET_T STUK_SPP
KL;WARMTENET_T STUK_SPP_DN500 800XDN80 180;WARMTENET_T STUK_SPP
KL;WARMTENET_T STUK_SPP_DN500 800XDN350 560;WARMTENET_T STUK_SPP
KL;WARMTENET_T STUK_SPP_DN600 900XDN40 125;WARMTENET_T STUK_SPP
KL;WARMTENET_T STUK_SPP_DN250 450XDN40 125;WARMTENET_T STUK_SPP
KL;WARMTENET_T STUK_SPP_DN450 710XDN200 355;WARMTENET_T STUK_SPP
KL;WARMTENET_T STUK_SPP_DN40 125XDN25 110;WARMTENET_T STUK_SPP
KL;WARMTENET_T STUK_SPP_DN32 125XDN32 125;WARMTENET_T STUK_SPP
KL;WARMTENET_T STUK_SPP_DN150 280XDN150 280;WARMTENET_T STUK_SPP
KL;WARMTENET_T STUK_SPP_DN500 800XDN450 710;WARMTENET_T STUK_SPP
KL;WARMTENET_T STUK_SPP_DN300 500XDN125 250;WARMTENET_T STUK_SPP
KL;WARMTENET_T STUK_SPP_DN250 450XDN80 180;WARMTENET_T STUK_SPP
KL;WARMTENET_T STUK_SPP_DN300 500XDN150 280;WARMTENET_T STUK_SPP
KL;WARMTENET_T STUK_SPP_DN125 250XDN80 180;WARMTENET_T STUK_SPP
KL;WARMTENET_T STUK_SPP_DN80 180XDN50 140;WARMTENET_T STUK_SPP
KL;WARMTENET_T STUK_SPP_DN200 355XDN32 125;WARMTENET_T STUK_SPP
KL;WARMTENET_T STUK_SPP_DN500 800XDN50 140;WARMTENET_T STUK_SPP
KL;WARMTENET_T STUK_SPP_DN250 450XDN125 250;WARMTENET_T STUK_SPP
KL;WARMTENET_T STUK_SPP_DN400 630XDN125 250;WARMTENET_T STUK_SPP
KL;WARMTENET_T STUK_SPP_DN200 355XDN200 355;WARMTENET_T STUK_SPP
KL;WARMTENET_T STUK_SPP_DN500 800XDN40 125;WARMTENET_T STUK_SPP
KL;WARMTENET_T STUK_SPP_DN400 630XDN40 125;WARMTENET_T STUK_SPP
KL;WARMTENET_T STUK_SPP_DN250 450XDN25 110;WARMTENET_T STUK_SPP
KL;WARMTENET_T STUK_SPP_DN65 160XDN32 125;WARMTENET_T STUK_SPP
KL;WARMTENET_T STUK_SPP_DN350 560XDN80 180;WARMTENET_T STUK_SPP
KL;WARMTENET_T STUK_SPP_DN500 800XDN65 160;WARMTENET_T STUK_SPP
KL;WARMTENET_T STUK_SPP_DN450 710XDN65 160;WARMTENET_T STUK_SPP
KL;WARMTENET_T STUK_SPP_DN300 500XDN65 160;WARMTENET_T STUK_SPP
KL;WARMTENET_T STUK_SPP_DN150 280XDN32 125;WARMTENET_T STUK_SPP
KL;WARMTENET_T STUK_SPP_DN600 900XDN500 800;WARMTENET_T STUK_SPP
KL;WARMTENET_T STUK_SPP_DN500 800XDN300 500;WARMTENET_T STUK_SPP
KL;WARMTENET_T STUK_SPP_DN500 800XDN100 225;WARMTENET_T STUK_SPP
KL;WARMTENET_T STUK_SPP_DN400 630XDN400 630;WARMTENET_T STUK_SPP
KL;WARMTENET_T STUK_SPP_DN65 160XDN40 125;WARMTENET_T STUK_SPP
KL;WARMTENET_T STUK_SPP_DN200 355XDN80 180;WARMTENET_T STUK_SPP
KL;WARMTENET_T STUK_SPP_DN50 140XDN25 110;WARMTENET_T STUK_SPP
KL;WARMTENET_T STUK_SPP_DN400 630XDN350 560;WARMTENET_T STUK_SPP
KL;WARMTENET_T STUK_SPP_DN450 710XDN100 225;WARMTENET_T STUK_SPP
KL;WARMTENET_T STUK_SPP_DN200 355XDN150 280;WARMTENET_T STUK_SPP
KL;WARMTENET_T STUK_SPP_DN125 250XDN65 160;WARMTENET_T STUK_SPP
KL;WARMTENET_T STUK_SPP_DN40 125XDN32 125;WARMTENET_T STUK_SPP
KL;WARMTENET_T STUK_SPP_DN350 560XDN350 560;WARMTENET_T STUK_SPP
KL;WARMTENET_T STUK_SPP_DN400 630XDN50 140;WARMTENET_T STUK_SPP
KL;WARMTENET_T STUK_SPP_DN600 900XDN450 710;WARMTENET_T STUK_SPP
KL;WARMTENET_T STUK_SPP_DN250 450XDN50 125;WARMTENET_T STUK_SPP
KL;WARMTENET_T STUK_SPP_DN125 250XDN125 250;WARMTENET_T STUK_SPP
KL;WARMTENET_T STUK_SPP_DN125 250XDN25 110;WARMTENET_T STUK_SPP
KL;WARMTENET_T STUK_SPP_DN100 225XDN100 225;WARMTENET_T STUK_SPP
KL;WARMTENET_T STUK_SPP_DN150 280XDN40 125;WARMTENET_T STUK_SPP
KL;WARMTENET_T STUK_SPP_DN450 710XDN32 125;WARMTENET_T STUK_SPP
KL;WARMTENET_T STUK_SPP_DN600 900XDN50 140;WARMTENET_T STUK_SPP
KL;WARMTENET_T STUK_SPP_DN125 250XDN40 125;WARMTENET_T STUK_SPP
KL;WARMTENET_T STUK_SPP_DN350 560XDN25 110;WARMTENET_T STUK_SPP
KL;WARMTENET_T STUK_SPP_DN250 450XDN250 450;WARMTENET_T STUK_SPP
KL;WARMTENET_T STUK_SPP_DN400 630XDN300 500;WARMTENET_T STUK_SPP
KL;WARMTENET_T STUK_SPP_DN450 710XDN125 250;WARMTENET_T STUK_SPP
KL;WARMTENET_T STUK_SPP_DN400 630XDN100 225;WARMTENET_T STUK_SPP
KL;WARMTENET_T STUK_SPP_DN400 630XDN150 280;WARMTENET_T STUK_SPP
KL;WARMTENET_T STUK_SPP_DN350 560XDN100 225;WARMTENET_T STUK_SPP
KL;WARMTENET_T STUK_SPP_DN600 900XDN150 280;WARMTENET_T STUK_SPP
KL;WARMTENET_T STUK_SPP_DN400 630XDN65 160;WARMTENET_T STUK_SPP
KL;WARMTENET_T STUK_SPP_DN350 560XDN40 125;WARMTENET_T STUK_SPP
KL;WARMTENET_T STUK_SPP_DN300 500XDN250 450;WARMTENET_T STUK_SPP
KL;WARMTENET_T STUK_SPP_DN300 500XDN25 110;WARMTENET_T STUK_SPP
KL;WARMTENET_T STUK_SPP_DN450 710XDN25 110;WARMTENET_T STUK_SPP
KL;WARMTENET_T STUK_SPP_DN150 280XDN80 180;WARMTENET_T STUK_SPP
KL;WARMTENET_T STUK_SPP_DN80 180XDN40 125;WARMTENET_T STUK_SPP
KL;WARMTENET_T STUK_SPP_DN125 250XDN50 140;WARMTENET_T STUK_SPP
KL;WARMTENET_T STUK_SPP_DN125 250XDN100 225;WARMTENET_T STUK_SPP
KL;WARMTENET_T STUK_SPP_DN300 500XDN40 125;WARMTENET_T STUK_SPP
KL;WARMTENET_T STUK_SPP_DN450 710XDN450 710;WARMTENET_T STUK_SPP
KL;WARMTENET_T STUK_SPP_DN250 450XDN150 280;WARMTENET_T STUK_SPP
KL;WARMTENET_T STUK_SPP_DN150 280XDN25 110;WARMTENET_T STUK_SPP
KL;WARMTENET_T STUK_SPP_DN300 500XDN100 125;WARMTENET_T STUK_SPP
KL;WARMTENET_T STUK_SPP_DN450 710XDN80 180;WARMTENET_T STUK_SPP
KL;WARMTENET_T STUK_SPP_DN25 110XDN25 110;WARMTENET_T STUK_SPP
KL;WARMTENET_T STUK_SPP_DN150 280XDN100 225;WARMTENET_T STUK_SPP
KL;WARMTENET_T STUK_SPP_DN80 180XDN25 110;WARMTENET_T STUK_SPP
KL;WARMTENET_T STUK_SPP_DN250 450XDN100 225;WARMTENET_T STUK_SPP
KL;WARMTENET_T STUK_SPP_DN32 125XDN25 110;WARMTENET_T STUK_SPP
KL;WARMTENET_T STUK_SPP_DN350 560XDN200 355;WARMTENET_T STUK_SPP
KL;WARMTENET_T STUK_SPP_DN600 900XDN600 900;WARMTENET_T STUK_SPP
KL;WARMTENET_T STUK_SPP_DN80 180XDN65 160;WARMTENET_T STUK_SPP
KL;WARMTENET_T STUK_SPP_DN250 450XDN65 160;WARMTENET_T STUK_SPP
KL;WARMTENET_T STUK_SPP_DN500 800XDN125 250;WARMTENET_T STUK_SPP
KL;WARMTENET_T STUK_SPP_DN150 280XDN65 160;WARMTENET_T STUK_SPP
KL;WARMTENET_T STUK_SPP_DN65 160XDN65 160;WARMTENET_T STUK_SPP
KL;WARMTENET_T STUK_SPP_DN250 450XDN32 125;WARMTENET_T STUK_SPP
KL;WARMTENET_T STUK_SPP_DN450 710XDN150 280;WARMTENET_T STUK_SPP
KL;WARMTENET_T STUK_SPP_DN450 710XDN50 140;WARMTENET_T STUK_SPP
KL;WARMTENET_T STUK_SPP_DN500 800XDN500 800;WARMTENET_T STUK_SPP
KL;WARMTENET_T STUK_SPP_DN350 560XDN300 500;WARMTENET_T STUK_SPP
KL;WARMTENET_T STUK_SPP_DN50 140XDN40 125;WARMTENET_T STUK_SPP
KL;WARMTENET_T STUK_SPP_DN400 630XDN80 180;WARMTENET_T STUK_SPP
KL;WARMTENET_T STUK_SPP_DN150 280XDN125 250;WARMTENET_T STUK_SPP
KL;WARMTENET_T STUK_SPP_DN350 560XDN250 450;WARMTENET_T STUK_SPP
KL;WARMTENET_T STUK_SPP_DN500 800XDN150 280;WARMTENET_T STUK_SPP
KL;WARMTENET_T STUK_SPP_DN300 500XDN50 140;WARMTENET_T STUK_SPP
KL;WARMTENET_T STUK_SPP_DN600 900XDN400 630;WARMTENET_T STUK_SPP
KL;WARMTENET_T STUK_SPP_DN25 110XDN20 110;WARMTENET_T STUK_SPP
KL;WARMTENET_T STUK_SPP_DN600 900XDN32 125;WARMTENET_T STUK_SPP
KL;WARMTENET_T STUK_SPP_DN500 800XDN250 450;WARMTENET_T STUK_SPP
KL;WARMTENET_T STUK_SPP_DN100 225XDN80 180;WARMTENET_T STUK_SPP
KL;WARMTENET_T STUK_SPP_DN150 280XDN50 140;WARMTENET_T STUK_SPP
KL;WARMTENET_T STUK_SPP_DN350 560XDN32 125;WARMTENET_T STUK_SPP
KL;WARMTENET_T STUK_SPP_DN600 900XDN25 110;WARMTENET_T STUK_SPP
KL;WARMTENET_T STUK_SPP_DN600 900XDN125 250;WARMTENET_T STUK_SPP
KL;WARMTENET_BOCHT_SPP_Z_DN100 225;WARMTENET_BOCHT_SPP_Z
KL;WARMTENET_BOCHT_SPP_Z_DN65 160;WARMTENET_BOCHT_SPP_Z
KL;WARMTENET_BOCHT_SPP_Z_DN25 110;WARMTENET_BOCHT_SPP_Z
KL;WARMTENET_BOCHT_SPP_Z_DN20 110;WARMTENET_BOCHT_SPP_Z
KL;WARMTENET_BOCHT_SPP_Z_DN80 180;WARMTENET_BOCHT_SPP_Z
KL;WARMTENET_BOCHT_SPP_Z_DN50 140;WARMTENET_BOCHT_SPP_Z
KL;WARMTENET_BOCHT_SPP_Z_DN40 125;WARMTENET_BOCHT_SPP_Z
KL;WARMTENET_BOCHT_SPP_Z_DN125 250;WARMTENET_BOCHT_SPP_Z
KL;WARMTENET_BOCHT_SPP_Z_DN32 125;WARMTENET_BOCHT_SPP_Z
KL;WARMTENET_BOCHT_SPP_90GR_DN50 140_GB;WARMTENET_BOCHT_SPP_90GR
KL;WARMTENET_BOCHT_SPP_90GR_DN40 125_GB;WARMTENET_BOCHT_SPP_90GR
KL;WARMTENET_BOCHT_SPP_90GR_DN200 355_GB;WARMTENET_BOCHT_SPP_90GR
KL;WARMTENET_BOCHT_SPP_90GR_DN350 560_GB;WARMTENET_BOCHT_SPP_90GR
KL;WARMTENET_BOCHT_SPP_90GR_DN200 355_OB;WARMTENET_BOCHT_SPP_90GR
KL;WARMTENET_BOCHT_SPP_90GR_DN100 225_OB;WARMTENET_BOCHT_SPP_90GR
KL;WARMTENET_BOCHT_SPP_90GR_DN400 630_GB;WARMTENET_BOCHT_SPP_90GR
KL;WARMTENET_BOCHT_SPP_90GR_DN125 250_OB;WARMTENET_BOCHT_SPP_90GR
KL;WARMTENET_BOCHT_SPP_90GR_DN300 500_GB;WARMTENET_BOCHT_SPP_90GR
KL;WARMTENET_BOCHT_SPP_90GR_DN32 125_OB;WARMTENET_BOCHT_SPP_90GR
KL;WARMTENET_BOCHT_SPP_90GR_DN20 110_OB;WARMTENET_BOCHT_SPP_90GR
KL;WARMTENET_BOCHT_SPP_90GR_DN450 710_GB;WARMTENET_BOCHT_SPP_90GR
KL;WARMTENET_BOCHT_SPP_90GR_DN50 140_OB;WARMTENET_BOCHT_SPP_90GR
KL;WARMTENET_BOCHT_SPP_90GR_DN40 125_OB;WARMTENET_BOCHT_SPP_90GR
KL;WARMTENET_BOCHT_SPP_90GR_DN250 450_GB;WARMTENET_BOCHT_SPP_90GR
KL;WARMTENET_BOCHT_SPP_90GR_DN25 110_OB;WARMTENET_BOCHT_SPP_90GR
KL;WARMTENET_BOCHT_SPP_90GR_DN500 800_GB;WARMTENET_BOCHT_SPP_90GR
KL;WARMTENET_BOCHT_SPP_90GR_DN80 180_OB;WARMTENET_BOCHT_SPP_90GR
KL;WARMTENET_BOCHT_SPP_90GR_DN125 250_GB;WARMTENET_BOCHT_SPP_90GR
KL;WARMTENET_BOCHT_SPP_90GR_DN25 110_GB;WARMTENET_BOCHT_SPP_90GR
KL;WARMTENET_BOCHT_SPP_90GR_DN65 160_OB;WARMTENET_BOCHT_SPP_90GR
KL;WARMTENET_BOCHT_SPP_90GR_DN20 110_GB;WARMTENET_BOCHT_SPP_90GR
KL;WARMTENET_BOCHT_SPP_90GR_DN80 180_GB;WARMTENET_BOCHT_SPP_90GR
KL;WARMTENET_BOCHT_SPP_90GR_DN150 280_GB;WARMTENET_BOCHT_SPP_90GR
KL;WARMTENET_BOCHT_SPP_90GR_DN150 280_OB;WARMTENET_BOCHT_SPP_90GR
KL;WARMTENET_BOCHT_SPP_90GR_DN65 160_GB;WARMTENET_BOCHT_SPP_90GR
KL;WARMTENET_BOCHT_SPP_90GR_DN32 125_GB;WARMTENET_BOCHT_SPP_90GR
KL;WARMTENET_BOCHT_SPP_90GR_DN600 900_GB;WARMTENET_BOCHT_SPP_90GR
KL;WARMTENET_BOCHT_SPP_90GR_DN100 225_GB;WARMTENET_BOCHT_SPP_90GR
KL;WARMTENET_AFSLUITER_SPP_DN32 125;WARMTENET_AFSLUITER_SPP
KL;WARMTENET_AFSLUITER_SPP_DN40 125;WARMTENET_AFSLUITER_SPP
KL;WARMTENET_AFSLUITER_SPP_DN65 160;WARMTENET_AFSLUITER_SPP
KL;WARMTENET_AFSLUITER_SPP_DN150 280;WARMTENET_AFSLUITER_SPP
KL;WARMTENET_AFSLUITER_SPP_DN80 180;WARMTENET_AFSLUITER_SPP
KL;WARMTENET_AFSLUITER_SPP_DN300 500;WARMTENET_AFSLUITER_SPP
KL;WARMTENET_AFSLUITER_SPP_DN250 450;WARMTENET_AFSLUITER_SPP
KL;WARMTENET_AFSLUITER_SPP_DN50 140;WARMTENET_AFSLUITER_SPP
KL;WARMTENET_AFSLUITER_SPP_DN25 110;WARMTENET_AFSLUITER_SPP
KL;WARMTENET_AFSLUITER_SPP_DN125 250;WARMTENET_AFSLUITER_SPP
KL;WARMTENET_AFSLUITER_SPP_DN200 355;WARMTENET_AFSLUITER_SPP
KL;WARMTENET_AFSLUITER_SPP_DN100 225;WARMTENET_AFSLUITER_SPP
KL;WARMTENET_BOCHT_SPP_45GR_DN200 355;WARMTENET_BOCHT_SPP_45GR
KL;WARMTENET_BOCHT_SPP_45GR_DN50 140;WARMTENET_BOCHT_SPP_45GR
KL;WARMTENET_BOCHT_SPP_45GR_DN80 180;WARMTENET_BOCHT_SPP_45GR
KL;WARMTENET_BOCHT_SPP_45GR_DN350 560;WARMTENET_BOCHT_SPP_45GR
KL;WARMTENET_BOCHT_SPP_45GR_DN250 450;WARMTENET_BOCHT_SPP_45GR
KL;WARMTENET_BOCHT_SPP_45GR_DN400 630;WARMTENET_BOCHT_SPP_45GR
KL;WARMTENET_BOCHT_SPP_45GR_DN125 250;WARMTENET_BOCHT_SPP_45GR
KL;WARMTENET_BOCHT_SPP_45GR_DN25 110;WARMTENET_BOCHT_SPP_45GR
KL;WARMTENET_BOCHT_SPP_45GR_DN100 225;WARMTENET_BOCHT_SPP_45GR
KL;WARMTENET_BOCHT_SPP_45GR_DN150 280;WARMTENET_BOCHT_SPP_45GR
KL;WARMTENET_BOCHT_SPP_45GR_DN450 710;WARMTENET_BOCHT_SPP_45GR
KL;WARMTENET_BOCHT_SPP_45GR_DN500 800;WARMTENET_BOCHT_SPP_45GR
KL;WARMTENET_BOCHT_SPP_45GR_DN20 110;WARMTENET_BOCHT_SPP_45GR
KL;WARMTENET_BOCHT_SPP_45GR_DN32 125;WARMTENET_BOCHT_SPP_45GR
KL;WARMTENET_BOCHT_SPP_45GR_DN600 900;WARMTENET_BOCHT_SPP_45GR
KL;WARMTENET_BOCHT_SPP_45GR_DN40 125;WARMTENET_BOCHT_SPP_45GR
KL;WARMTENET_BOCHT_SPP_45GR_DN300 500;WARMTENET_BOCHT_SPP_45GR
KL;WARMTENET_BOCHT_SPP_45GR_DN65 160;WARMTENET_BOCHT_SPP_45GR
KL;WARMTENET_BOCHT_SPP_15GR_DN25 110;WARMTENET_BOCHT_SPP_15GR
KL;WARMTENET_BOCHT_SPP_15GR_DN300 500;WARMTENET_BOCHT_SPP_15GR
KL;WARMTENET_BOCHT_SPP_15GR_DN65 160;WARMTENET_BOCHT_SPP_15GR
KL;WARMTENET_BOCHT_SPP_15GR_DN50 140;WARMTENET_BOCHT_SPP_15GR
KL;WARMTENET_BOCHT_SPP_15GR_DN125 250;WARMTENET_BOCHT_SPP_15GR
KL;WARMTENET_BOCHT_SPP_15GR_DN200 355;WARMTENET_BOCHT_SPP_15GR
KL;WARMTENET_BOCHT_SPP_15GR_DN40 125;WARMTENET_BOCHT_SPP_15GR
KL;WARMTENET_BOCHT_SPP_15GR_DN32 125;WARMTENET_BOCHT_SPP_15GR
KL;WARMTENET_BOCHT_SPP_15GR_DN150 280;WARMTENET_BOCHT_SPP_15GR
KL;WARMTENET_BOCHT_SPP_15GR_DN20 110;WARMTENET_BOCHT_SPP_15GR
KL;WARMTENET_BOCHT_SPP_15GR_DN100 225;WARMTENET_BOCHT_SPP_15GR
KL;WARMTENET_BOCHT_SPP_15GR_DN400 630;WARMTENET_BOCHT_SPP_15GR
KL;WARMTENET_BOCHT_SPP_15GR_DN500 800;WARMTENET_BOCHT_SPP_15GR
KL;WARMTENET_BOCHT_SPP_15GR_DN350 560;WARMTENET_BOCHT_SPP_15GR
KL;WARMTENET_BOCHT_SPP_15GR_DN600 900;WARMTENET_BOCHT_SPP_15GR
KL;WARMTENET_BOCHT_SPP_15GR_DN450 710;WARMTENET_BOCHT_SPP_15GR
KL;WARMTENET_BOCHT_SPP_15GR_DN250 450;WARMTENET_BOCHT_SPP_15GR
KL;WARMTENET_BOCHT_SPP_15GR_DN80 180;WARMTENET_BOCHT_SPP_15GR
KL;WARMTENET_BOCHT_SPP_HIP_DN50 140;WARMTENET_BOCHT_SPP_HIP
KL;WARMTENET_BOCHT_SPP_HIP_DN150 280;WARMTENET_BOCHT_SPP_HIP
KL;WARMTENET_BOCHT_SPP_HIP_DN200 355;WARMTENET_BOCHT_SPP_HIP
KL;WARMTENET_BOCHT_SPP_HIP_DN80 180;WARMTENET_BOCHT_SPP_HIP
KL;WARMTENET_BOCHT_SPP_HIP_DN20 110;WARMTENET_BOCHT_SPP_HIP
KL;WARMTENET_BOCHT_SPP_HIP_DN100 225;WARMTENET_BOCHT_SPP_HIP
KL;WARMTENET_BOCHT_SPP_HIP_DN32 125;WARMTENET_BOCHT_SPP_HIP
KL;WARMTENET_BOCHT_SPP_HIP_DN25 110;WARMTENET_BOCHT_SPP_HIP
KL;WARMTENET_BOCHT_SPP_HIP_DN125 250;WARMTENET_BOCHT_SPP_HIP
KL;WARMTENET_BOCHT_SPP_HIP_DN65 160;WARMTENET_BOCHT_SPP_HIP
KL;WARMTENET_BOCHT_SPP_HIP_DN40 125;WARMTENET_BOCHT_SPP_HIP
KL;WARMTENET_AANVOER_SPP_DN400 630;WARMTENET_AANVOER_SPP
KL;WARMTENET_AANVOER_SPP_DN32 125;WARMTENET_AANVOER_SPP
KL;WARMTENET_AANVOER_SPP_DN200 355;WARMTENET_AANVOER_SPP
KL;WARMTENET_AANVOER_SPP_DN450 710;WARMTENET_AANVOER_SPP
KL;WARMTENET_AANVOER_SPP_DN250 450;WARMTENET_AANVOER_SPP
KL;WARMTENET_AANVOER_SPP_DN20 110;WARMTENET_AANVOER_SPP
KL;WARMTENET_AANVOER_SPP_DN600 900;WARMTENET_AANVOER_SPP
KL;WARMTENET_AANVOER_SPP_DN500 800;WARMTENET_AANVOER_SPP
KL;WARMTENET_AANVOER_SPP_DN300 500;WARMTENET_AANVOER_SPP
KL;WARMTENET_AANVOER_SPP_DN25 110;WARMTENET_AANVOER_SPP
KL;WARMTENET_AANVOER_SPP_DN350 560;WARMTENET_AANVOER_SPP
KL;WARMTENET_AANVOER_SPP_DN100 225;WARMTENET_AANVOER_SPP
KL;WARMTENET_AANVOER_SPP_DN150 280;WARMTENET_AANVOER_SPP
KL;WARMTENET_AANVOER_SPP_DN65 160;WARMTENET_AANVOER_SPP
KL;WARMTENET_AANVOER_SPP_DN125 250;WARMTENET_AANVOER_SPP
KL;WARMTENET_AANVOER_SPP_DN40 125;WARMTENET_AANVOER_SPP
KL;WARMTENET_AANVOER_SPP_DN80 180;WARMTENET_AANVOER_SPP
KL;WARMTENET_AANVOER_SPP_DN50 140;WARMTENET_AANVOER_SPP
KL;WARMTENET_REDUCTIESTUK_LASVERLOOP_DN250 DN200;WARMTENET_REDUCTIESTUK_LASVERLOOP
KL;WARMTENET_REDUCTIESTUK_LASVERLOOP_DN200 DN150;WARMTENET_REDUCTIESTUK_LASVERLOOP
KL;WARMTENET_REDUCTIESTUK_LASVERLOOP_DN125 DN100;WARMTENET_REDUCTIESTUK_LASVERLOOP
KL;WARMTENET_REDUCTIESTUK_LASVERLOOP_DN350 DN300;WARMTENET_REDUCTIESTUK_LASVERLOOP
KL;WARMTENET_REDUCTIESTUK_LASVERLOOP_DN32 SF28;WARMTENET_REDUCTIESTUK_LASVERLOOP
KL;WARMTENET_REDUCTIESTUK_LASVERLOOP_DN25 DN20;WARMTENET_REDUCTIESTUK_LASVERLOOP
KL;WARMTENET_REDUCTIESTUK_LASVERLOOP_DN80 DN65;WARMTENET_REDUCTIESTUK_LASVERLOOP
KL;WARMTENET_REDUCTIESTUK_LASVERLOOP_DN65 DN50;WARMTENET_REDUCTIESTUK_LASVERLOOP
KL;WARMTENET_REDUCTIESTUK_LASVERLOOP_DN450 DN400;WARMTENET_REDUCTIESTUK_LASVERLOOP
KL;WARMTENET_REDUCTIESTUK_LASVERLOOP_DN300 DN250;WARMTENET_REDUCTIESTUK_LASVERLOOP
KL;WARMTENET_REDUCTIESTUK_LASVERLOOP_DN40 DN32;WARMTENET_REDUCTIESTUK_LASVERLOOP
KL;WARMTENET_REDUCTIESTUK_LASVERLOOP_DN25 SF25;WARMTENET_REDUCTIESTUK_LASVERLOOP
KL;WARMTENET_REDUCTIESTUK_LASVERLOOP_DN150 DN125;WARMTENET_REDUCTIESTUK_LASVERLOOP
KL;WARMTENET_REDUCTIESTUK_LASVERLOOP_DN32 DN25;WARMTENET_REDUCTIESTUK_LASVERLOOP
KL;WARMTENET_REDUCTIESTUK_LASVERLOOP_DN50 DN40;WARMTENET_REDUCTIESTUK_LASVERLOOP
KL;WARMTENET_REDUCTIESTUK_LASVERLOOP_DN400 DN350;WARMTENET_REDUCTIESTUK_LASVERLOOP
KL;WARMTENET_REDUCTIESTUK_LASVERLOOP_DN100 DN80;WARMTENET_REDUCTIESTUK_LASVERLOOP
KL;WARMTENET_EINDKAP_SPP_DN25 110;WARMTENET_EINDKAP_SPP
KL;WARMTENET_EINDKAP_SPP_DN20 110;WARMTENET_EINDKAP_SPP
KL;WARMTENET_EINDKAP_SPP_DN100 225;WARMTENET_EINDKAP_SPP
KL;WARMTENET_EINDKAP_SPP_DN150 280;WARMTENET_EINDKAP_SPP
KL;WARMTENET_EINDKAP_SPP_DN80 180;WARMTENET_EINDKAP_SPP
KL;WARMTENET_EINDKAP_SPP_DN40 125;WARMTENET_EINDKAP_SPP
KL;WARMTENET_EINDKAP_SPP_SF25 90;WARMTENET_EINDKAP_SPP
KL;WARMTENET_EINDKAP_SPP_DN125 250;WARMTENET_EINDKAP_SPP
KL;WARMTENET_EINDKAP_SPP_DN50 140;WARMTENET_EINDKAP_SPP
KL;WARMTENET_EINDKAP_SPP_DN65 160;WARMTENET_EINDKAP_SPP
KL;WARMTENET_EINDKAP_SPP_SF28 77;WARMTENET_EINDKAP_SPP
KL;WARMTENET_EINDKAP_SPP_DN32 125;WARMTENET_EINDKAP_SPP
KL;WARMTENET_EINDKAP_SPP_SF28 90;WARMTENET_EINDKAP_SPP
KL;WARMTENET_EINDKAP_SPP_DN200 355;WARMTENET_EINDKAP_SPP
KL;WARMTENET_EINDKAP_SPP_SF25 77;WARMTENET_EINDKAP_SPP
KL;WARMTENET_EINDKAP_SPP_DN250 450;WARMTENET_EINDKAP_SPP
KL;WARMTENET_RETOUR_SPP_HAS_SF28 90;WARMTENET_RETOUR_SPP_HAS
KL;WARMTENET_RETOUR_SPP_HAS_SF25 77;WARMTENET_RETOUR_SPP_HAS
KL;WARMTENET_RETOUR_SPP_HAS_SF25 90;WARMTENET_RETOUR_SPP_HAS
KL;WARMTENET_RETOUR_SPP_HAS_SF28 77;WARMTENET_RETOUR_SPP_HAS
KL;WARMTENET_AANVOER_SPP_HAS_SF28 77;WARMTENET_AANVOER_SPP_HAS
KL;WARMTENET_AANVOER_SPP_HAS_SF25 90;WARMTENET_AANVOER_SPP_HAS
KL;WARMTENET_AANVOER_SPP_HAS_SF28 90;WARMTENET_AANVOER_SPP_HAS
KL;WARMTENET_AANVOER_SPP_HAS_SF25 77;WARMTENET_AANVOER_SPP_HAS
KL;WARMTENET_REDUCTIEMOF_110 77;WARMTENET_REDUCTIEMOF
KL;WARMTENET_REDUCTIEMOF_125 77;WARMTENET_REDUCTIEMOF
KL;ET_MS_10 kV;ET_MS
KL;ET_MS_04 kV;ET_MS
KL;ET_MS_30 kV;ET_MS
KL;ET_HS_36 kV;ET_HS
KL;ET_HS_220 kV;ET_HS
KL;ET_ZHS_380 kV;ET_ZHS
KL;ET_ZHS_110 kV;ET_ZHS
KL;GAS_HD_DISTRIBUTIE_1 BAR;GAS_HD_DISTRIBUTIE
KL;GAS_HD_DISTRIBUTIE_40 BAR;GAS_HD_DISTRIBUTIE
KL;GAS_HD_DISTRIBUTIE_4 BAR;GAS_HD_DISTRIBUTIE
KL;GAS_HD_DISTRIBUTIE_8 BAR;GAS_HD_DISTRIBUTIE
KL;GAS_HD_DISTRIBUTIE_67 BAR;GAS_HD_DISTRIBUTIE
KL;GAS_HD_AANSLUITNET_8 BAR;GAS_HD_AANSLUITNET
KL;GAS_HD_AANSLUITNET_67 BAR;GAS_HD_AANSLUITNET
KL;GAS_HD_AANSLUITNET_4 BAR;GAS_HD_AANSLUITNET
KL;GAS_HD_AANSLUITNET_1 BAR;GAS_HD_AANSLUITNET
KL;GAS_HD_AANSLUITNET_40 BAR;GAS_HD_AANSLUITNET
KL;GAS_LD_AANSLUITLEIDING_100 MBAR;GAS_LD_AANSLUITLEIDING
KL;GAS_LD_AANSLUITLEIDING_30 MBAR;GAS_LD_AANSLUITLEIDING
KL;GAS_LD_HOOFDLEIDING_100 MBAR;GAS_LD_HOOFDLEIDING
KL;GAS_LD_HOOFDLEIDING_30 MBAR;GAS_LD_HOOFDLEIDING
KL;GAS_HD_DISTRIBUTIE_1 BAR_PE;GAS_HD_DISTRIBUTIE_1 BAR
KL;GAS_HD_DISTRIBUTIE_1 BAR_PVC;GAS_HD_DISTRIBUTIE_1 BAR
KL;GAS_HD_DISTRIBUTIE_4 BAR_PE;GAS_HD_DISTRIBUTIE_4 BAR
KL;GAS_HD_DISTRIBUTIE_4 BAR_PVC;GAS_HD_DISTRIBUTIE_4 BAR
KL;GAS_HD_DISTRIBUTIE_8 BAR_PVC;GAS_HD_DISTRIBUTIE_8 BAR
KL;GAS_HD_DISTRIBUTIE_8 BAR_PE;GAS_HD_DISTRIBUTIE_8 BAR
KL;GAS_HD_AANSLUITNET_8 BAR_PE;GAS_HD_AANSLUITNET_8 BAR
KL;GAS_HD_AANSLUITNET_8 BAR_PVC;GAS_HD_AANSLUITNET_8 BAR
KL;GAS_HD_AANSLUITNET_4 BAR_PE;GAS_HD_AANSLUITNET_4 BAR
KL;GAS_HD_AANSLUITNET_4 BAR_PVC;GAS_HD_AANSLUITNET_4 BAR
KL;GAS_HD_AANSLUITNET_1 BAR_PE;GAS_HD_AANSLUITNET_1 BAR
KL;GAS_HD_AANSLUITNET_1 BAR_PVC;GAS_HD_AANSLUITNET_1 BAR
KL;GAS_LD_AANSLUITLEIDING_100 MBAR_PVC;GAS_LD_AANSLUITLEIDING_100 MBAR
KL;GAS_LD_AANSLUITLEIDING_100 MBAR_PE;GAS_LD_AANSLUITLEIDING_100 MBAR
KL;GAS_LD_AANSLUITLEIDING_30 MBAR_PE;GAS_LD_AANSLUITLEIDING_30 MBAR
KL;GAS_LD_AANSLUITLEIDING_30 MBAR_PVC;GAS_LD_AANSLUITLEIDING_30 MBAR
KL;GAS_LD_HOOFDLEIDING_100 MBAR_PE;GAS_LD_HOOFDLEIDING_100 MBAR
KL;GAS_LD_HOOFDLEIDING_100 MBAR_PVC;GAS_LD_HOOFDLEIDING_100 MBAR
KL;GAS_LD_HOOFDLEIDING_30 MBAR_PE;GAS_LD_HOOFDLEIDING_30 MBAR
KL;GAS_LD_HOOFDLEIDING_30 MBAR_PVC;GAS_LD_HOOFDLEIDING_30 MBAR
KL;GAS_HD_DISTRIBUTIE_1 BAR_PE_160;GAS_HD_DISTRIBUTIE_1 BAR_PE
KL;GAS_HD_DISTRIBUTIE_1 BAR_PE_315;GAS_HD_DISTRIBUTIE_1 BAR_PE
KL;GAS_HD_DISTRIBUTIE_1 BAR_PE_250;GAS_HD_DISTRIBUTIE_1 BAR_PE
KL;GAS_HD_DISTRIBUTIE_1 BAR_PE_75;GAS_HD_DISTRIBUTIE_1 BAR_PE
KL;GAS_HD_DISTRIBUTIE_1 BAR_PE_110;GAS_HD_DISTRIBUTIE_1 BAR_PE
KL;GAS_HD_DISTRIBUTIE_1 BAR_PE_90;GAS_HD_DISTRIBUTIE_1 BAR_PE
KL;GAS_HD_DISTRIBUTIE_1 BAR_PVC_315;GAS_HD_DISTRIBUTIE_1 BAR_PVC
KL;GAS_HD_DISTRIBUTIE_1 BAR_PVC_90;GAS_HD_DISTRIBUTIE_1 BAR_PVC
KL;GAS_HD_DISTRIBUTIE_1 BAR_PVC_250;GAS_HD_DISTRIBUTIE_1 BAR_PVC
KL;GAS_HD_DISTRIBUTIE_1 BAR_PVC_110;GAS_HD_DISTRIBUTIE_1 BAR_PVC
KL;GAS_HD_DISTRIBUTIE_1 BAR_PVC_75;GAS_HD_DISTRIBUTIE_1 BAR_PVC
KL;GAS_HD_DISTRIBUTIE_1 BAR_PVC_160;GAS_HD_DISTRIBUTIE_1 BAR_PVC
KL;GAS_HD_DISTRIBUTIE_4 BAR_PE_160;GAS_HD_DISTRIBUTIE_4 BAR_PE
KL;GAS_HD_DISTRIBUTIE_4 BAR_PE_110;GAS_HD_DISTRIBUTIE_4 BAR_PE
KL;GAS_HD_DISTRIBUTIE_4 BAR_PE_75;GAS_HD_DISTRIBUTIE_4 BAR_PE
KL;GAS_HD_DISTRIBUTIE_4 BAR_PE_315;GAS_HD_DISTRIBUTIE_4 BAR_PE
KL;GAS_HD_DISTRIBUTIE_4 BAR_PE_90;GAS_HD_DISTRIBUTIE_4 BAR_PE
KL;GAS_HD_DISTRIBUTIE_4 BAR_PE_250;GAS_HD_DISTRIBUTIE_4 BAR_PE
KL;GAS_HD_DISTRIBUTIE_4 BAR_PVC_110;GAS_HD_DISTRIBUTIE_4 BAR_PVC
KL;GAS_HD_DISTRIBUTIE_4 BAR_PVC_90;GAS_HD_DISTRIBUTIE_4 BAR_PVC
KL;GAS_HD_DISTRIBUTIE_4 BAR_PVC_160;GAS_HD_DISTRIBUTIE_4 BAR_PVC
KL;GAS_HD_DISTRIBUTIE_4 BAR_PVC_250;GAS_HD_DISTRIBUTIE_4 BAR_PVC
KL;GAS_HD_DISTRIBUTIE_4 BAR_PVC_75;GAS_HD_DISTRIBUTIE_4 BAR_PVC
KL;GAS_HD_DISTRIBUTIE_4 BAR_PVC_315;GAS_HD_DISTRIBUTIE_4 BAR_PVC
KL;GAS_HD_DISTRIBUTIE_8 BAR_PVC_110;GAS_HD_DISTRIBUTIE_8 BAR_PVC
KL;GAS_HD_DISTRIBUTIE_8 BAR_PVC_160;GAS_HD_DISTRIBUTIE_8 BAR_PVC
KL;GAS_HD_DISTRIBUTIE_8 BAR_PVC_250;GAS_HD_DISTRIBUTIE_8 BAR_PVC
KL;GAS_HD_DISTRIBUTIE_8 BAR_PVC_75;GAS_HD_DISTRIBUTIE_8 BAR_PVC
KL;GAS_HD_DISTRIBUTIE_8 BAR_PVC_90;GAS_HD_DISTRIBUTIE_8 BAR_PVC
KL;GAS_HD_DISTRIBUTIE_8 BAR_PVC_315;GAS_HD_DISTRIBUTIE_8 BAR_PVC
KL;GAS_HD_DISTRIBUTIE_8 BAR_PE_160;GAS_HD_DISTRIBUTIE_8 BAR_PE
KL;GAS_HD_DISTRIBUTIE_8 BAR_PE_250;GAS_HD_DISTRIBUTIE_8 BAR_PE
KL;GAS_HD_DISTRIBUTIE_8 BAR_PE_90;GAS_HD_DISTRIBUTIE_8 BAR_PE
KL;GAS_HD_DISTRIBUTIE_8 BAR_PE_75;GAS_HD_DISTRIBUTIE_8 BAR_PE
KL;GAS_HD_DISTRIBUTIE_8 BAR_PE_110;GAS_HD_DISTRIBUTIE_8 BAR_PE
KL;GAS_HD_DISTRIBUTIE_8 BAR_PE_315;GAS_HD_DISTRIBUTIE_8 BAR_PE
KL;GAS_HD_AANSLUITNET_8 BAR_PE_50;GAS_HD_AANSLUITNET_8 BAR_PE
KL;GAS_HD_AANSLUITNET_8 BAR_PE_90;GAS_HD_AANSLUITNET_8 BAR_PE
KL;GAS_HD_AANSLUITNET_8 BAR_PE_40;GAS_HD_AANSLUITNET_8 BAR_PE
KL;GAS_HD_AANSLUITNET_8 BAR_PE_75;GAS_HD_AANSLUITNET_8 BAR_PE
KL;GAS_HD_AANSLUITNET_8 BAR_PE_63;GAS_HD_AANSLUITNET_8 BAR_PE
KL;GAS_HD_AANSLUITNET_8 BAR_PE_25;GAS_HD_AANSLUITNET_8 BAR_PE
KL;GAS_HD_AANSLUITNET_8 BAR_PE_32;GAS_HD_AANSLUITNET_8 BAR_PE
KL;GAS_HD_AANSLUITNET_8 BAR_PVC_32;GAS_HD_AANSLUITNET_8 BAR_PVC
KL;GAS_HD_AANSLUITNET_8 BAR_PVC_90;GAS_HD_AANSLUITNET_8 BAR_PVC
KL;GAS_HD_AANSLUITNET_8 BAR_PVC_40;GAS_HD_AANSLUITNET_8 BAR_PVC
KL;GAS_HD_AANSLUITNET_8 BAR_PVC_50;GAS_HD_AANSLUITNET_8 BAR_PVC
KL;GAS_HD_AANSLUITNET_8 BAR_PVC_75;GAS_HD_AANSLUITNET_8 BAR_PVC
KL;GAS_HD_AANSLUITNET_8 BAR_PVC_63;GAS_HD_AANSLUITNET_8 BAR_PVC
KL;GAS_HD_AANSLUITNET_8 BAR_PVC_25;GAS_HD_AANSLUITNET_8 BAR_PVC
KL;GAS_HD_AANSLUITNET_4 BAR_PE_63;GAS_HD_AANSLUITNET_4 BAR_PE
KL;GAS_HD_AANSLUITNET_4 BAR_PE_40;GAS_HD_AANSLUITNET_4 BAR_PE
KL;GAS_HD_AANSLUITNET_4 BAR_PE_90;GAS_HD_AANSLUITNET_4 BAR_PE
KL;GAS_HD_AANSLUITNET_4 BAR_PE_25;GAS_HD_AANSLUITNET_4 BAR_PE
KL;GAS_HD_AANSLUITNET_4 BAR_PE_32;GAS_HD_AANSLUITNET_4 BAR_PE
KL;GAS_HD_AANSLUITNET_4 BAR_PE_75;GAS_HD_AANSLUITNET_4 BAR_PE
KL;GAS_HD_AANSLUITNET_4 BAR_PE_50;GAS_HD_AANSLUITNET_4 BAR_PE
KL;GAS_HD_AANSLUITNET_4 BAR_PVC_63;GAS_HD_AANSLUITNET_4 BAR_PVC
KL;GAS_HD_AANSLUITNET_4 BAR_PVC_90;GAS_HD_AANSLUITNET_4 BAR_PVC
KL;GAS_HD_AANSLUITNET_4 BAR_PVC_75;GAS_HD_AANSLUITNET_4 BAR_PVC
KL;GAS_HD_AANSLUITNET_4 BAR_PVC_25;GAS_HD_AANSLUITNET_4 BAR_PVC
KL;GAS_HD_AANSLUITNET_4 BAR_PVC_50;GAS_HD_AANSLUITNET_4 BAR_PVC
KL;GAS_HD_AANSLUITNET_4 BAR_PVC_32;GAS_HD_AANSLUITNET_4 BAR_PVC
KL;GAS_HD_AANSLUITNET_4 BAR_PVC_40;GAS_HD_AANSLUITNET_4 BAR_PVC
KL;GAS_HD_AANSLUITNET_1 BAR_PE_32;GAS_HD_AANSLUITNET_1 BAR_PE
KL;GAS_HD_AANSLUITNET_1 BAR_PE_90;GAS_HD_AANSLUITNET_1 BAR_PE
KL;GAS_HD_AANSLUITNET_1 BAR_PE_40;GAS_HD_AANSLUITNET_1 BAR_PE
KL;GAS_HD_AANSLUITNET_1 BAR_PE_50;GAS_HD_AANSLUITNET_1 BAR_PE
KL;GAS_HD_AANSLUITNET_1 BAR_PE_75;GAS_HD_AANSLUITNET_1 BAR_PE
KL;GAS_HD_AANSLUITNET_1 BAR_PE_63;GAS_HD_AANSLUITNET_1 BAR_PE
KL;GAS_HD_AANSLUITNET_1 BAR_PE_25;GAS_HD_AANSLUITNET_1 BAR_PE
KL;GAS_HD_AANSLUITNET_1 BAR_PVC_90;GAS_HD_AANSLUITNET_1 BAR_PVC
KL;GAS_HD_AANSLUITNET_1 BAR_PVC_50;GAS_HD_AANSLUITNET_1 BAR_PVC
KL;GAS_HD_AANSLUITNET_1 BAR_PVC_63;GAS_HD_AANSLUITNET_1 BAR_PVC
KL;GAS_HD_AANSLUITNET_1 BAR_PVC_75;GAS_HD_AANSLUITNET_1 BAR_PVC
KL;GAS_HD_AANSLUITNET_1 BAR_PVC_25;GAS_HD_AANSLUITNET_1 BAR_PVC
KL;GAS_HD_AANSLUITNET_1 BAR_PVC_40;GAS_HD_AANSLUITNET_1 BAR_PVC
KL;GAS_HD_AANSLUITNET_1 BAR_PVC_32;GAS_HD_AANSLUITNET_1 BAR_PVC
KL;GAS_LD_AANSLUITLEIDING_100 MBAR_PVC_50;GAS_LD_AANSLUITLEIDING_100 MBAR_PVC
KL;GAS_LD_AANSLUITLEIDING_100 MBAR_PVC_75;GAS_LD_AANSLUITLEIDING_100 MBAR_PVC
KL;GAS_LD_AANSLUITLEIDING_100 MBAR_PVC_90;GAS_LD_AANSLUITLEIDING_100 MBAR_PVC
KL;GAS_LD_AANSLUITLEIDING_100 MBAR_PVC_25;GAS_LD_AANSLUITLEIDING_100 MBAR_PVC
KL;GAS_LD_AANSLUITLEIDING_100 MBAR_PVC_40;GAS_LD_AANSLUITLEIDING_100 MBAR_PVC
KL;GAS_LD_AANSLUITLEIDING_100 MBAR_PVC_32;GAS_LD_AANSLUITLEIDING_100 MBAR_PVC
KL;GAS_LD_AANSLUITLEIDING_100 MBAR_PE_75;GAS_LD_AANSLUITLEIDING_100 MBAR_PE
KL;GAS_LD_AANSLUITLEIDING_100 MBAR_PE_32;GAS_LD_AANSLUITLEIDING_100 MBAR_PE
KL;GAS_LD_AANSLUITLEIDING_100 MBAR_PE_40;GAS_LD_AANSLUITLEIDING_100 MBAR_PE
KL;GAS_LD_AANSLUITLEIDING_100 MBAR_PE_25;GAS_LD_AANSLUITLEIDING_100 MBAR_PE
KL;GAS_LD_AANSLUITLEIDING_100 MBAR_PE_90;GAS_LD_AANSLUITLEIDING_100 MBAR_PE
KL;GAS_LD_AANSLUITLEIDING_100 MBAR_PE_50;GAS_LD_AANSLUITLEIDING_100 MBAR_PE
KL;GAS_LD_AANSLUITLEIDING_30 MBAR_PE_25;GAS_LD_AANSLUITLEIDING_30 MBAR_PE
KL;GAS_LD_AANSLUITLEIDING_30 MBAR_PE_50;GAS_LD_AANSLUITLEIDING_30 MBAR_PE
KL;GAS_LD_AANSLUITLEIDING_30 MBAR_PE_32;GAS_LD_AANSLUITLEIDING_30 MBAR_PE
KL;GAS_LD_AANSLUITLEIDING_30 MBAR_PE_90;GAS_LD_AANSLUITLEIDING_30 MBAR_PE
KL;GAS_LD_AANSLUITLEIDING_30 MBAR_PE_75;GAS_LD_AANSLUITLEIDING_30 MBAR_PE
KL;GAS_LD_AANSLUITLEIDING_30 MBAR_PE_40;GAS_LD_AANSLUITLEIDING_30 MBAR_PE
KL;GAS_LD_AANSLUITLEIDING_30 MBAR_PVC_32;GAS_LD_AANSLUITLEIDING_30 MBAR_PVC
KL;GAS_LD_AANSLUITLEIDING_30 MBAR_PVC_50;GAS_LD_AANSLUITLEIDING_30 MBAR_PVC
KL;GAS_LD_AANSLUITLEIDING_30 MBAR_PVC_25;GAS_LD_AANSLUITLEIDING_30 MBAR_PVC
KL;GAS_LD_AANSLUITLEIDING_30 MBAR_PVC_40;GAS_LD_AANSLUITLEIDING_30 MBAR_PVC
KL;GAS_LD_AANSLUITLEIDING_30 MBAR_PVC_75;GAS_LD_AANSLUITLEIDING_30 MBAR_PVC
KL;GAS_LD_HOOFDLEIDING_100 MBAR_PE_315;GAS_LD_HOOFDLEIDING_100 MBAR_PE
KL;GAS_LD_HOOFDLEIDING_100 MBAR_PE_110;GAS_LD_HOOFDLEIDING_100 MBAR_PE
KL;GAS_LD_HOOFDLEIDING_100 MBAR_PE_160;GAS_LD_HOOFDLEIDING_100 MBAR_PE
KL;GAS_LD_HOOFDLEIDING_100 MBAR_PE_75;GAS_LD_HOOFDLEIDING_100 MBAR_PE
KL;GAS_LD_HOOFDLEIDING_100 MBAR_PE_250;GAS_LD_HOOFDLEIDING_100 MBAR_PE
KL;GAS_LD_HOOFDLEIDING_100 MBAR_PE_90;GAS_LD_HOOFDLEIDING_100 MBAR_PE
KL;GAS_LD_HOOFDLEIDING_100 MBAR_PVC_160;GAS_LD_HOOFDLEIDING_100 MBAR_PVC
KL;GAS_LD_HOOFDLEIDING_100 MBAR_PVC_110;GAS_LD_HOOFDLEIDING_100 MBAR_PVC
KL;GAS_LD_HOOFDLEIDING_100 MBAR_PVC_250;GAS_LD_HOOFDLEIDING_100 MBAR_PVC
KL;GAS_LD_HOOFDLEIDING_100 MBAR_PVC_75;GAS_LD_HOOFDLEIDING_100 MBAR_PVC
KL;GAS_LD_HOOFDLEIDING_100 MBAR_PVC_90;GAS_LD_HOOFDLEIDING_100 MBAR_PVC
KL;GAS_LD_HOOFDLEIDING_100 MBAR_PVC_315;GAS_LD_HOOFDLEIDING_100 MBAR_PVC
KL;GAS_LD_HOOFDLEIDING_30 MBAR_PE_160;GAS_LD_HOOFDLEIDING_30 MBAR_PE
KL;GAS_LD_HOOFDLEIDING_30 MBAR_PE_110;GAS_LD_HOOFDLEIDING_30 MBAR_PE
KL;GAS_LD_HOOFDLEIDING_30 MBAR_PE_75;GAS_LD_HOOFDLEIDING_30 MBAR_PE
KL;GAS_LD_HOOFDLEIDING_30 MBAR_PE_250;GAS_LD_HOOFDLEIDING_30 MBAR_PE
KL;GAS_LD_HOOFDLEIDING_30 MBAR_PE_315;GAS_LD_HOOFDLEIDING_30 MBAR_PE
KL;GAS_LD_HOOFDLEIDING_30 MBAR_PE_90;GAS_LD_HOOFDLEIDING_30 MBAR_PE
KL;GAS_LD_HOOFDLEIDING_30 MBAR_PVC_315;GAS_LD_HOOFDLEIDING_30 MBAR_PVC
KL;GAS_LD_HOOFDLEIDING_30 MBAR_PVC_110;GAS_LD_HOOFDLEIDING_30 MBAR_PVC
KL;GAS_LD_HOOFDLEIDING_30 MBAR_PVC_160;GAS_LD_HOOFDLEIDING_30 MBAR_PVC
KL;GAS_LD_HOOFDLEIDING_30 MBAR_PVC_75;GAS_LD_HOOFDLEIDING_30 MBAR_PVC
KL;GAS_LD_HOOFDLEIDING_30 MBAR_PVC_90;GAS_LD_HOOFDLEIDING_30 MBAR_PVC
KL;GAS_LD_HOOFDLEIDING_30 MBAR_PVC_250;GAS_LD_HOOFDLEIDING_30 MBAR_PVC
MO;ARCHEOLOGIE_HISTORISCHE KERN;ARCHEOLOGIE
MO;GRONDWATER_VERVUILING_GROTER INTERVENTIEWAARDE;GRONDWATER_VERVUILING
MO;GRONDWATER_VERVUILING_GROTER ACHTERGRONDWAARDE;GRONDWATER_VERVUILING
MO;GRONDWATER_VERVUILING_GROTER TUSSENWAARDE;GRONDWATER_VERVUILING
MO;GRONDWATER_VERVUILING_KLEINER ACHTERGRONDWAARDE;GRONDWATER_VERVUILING
MO;ARCHEOLOGIE_VONDST_WAARDEVOL OBJECT;ARCHEOLOGIE_VONDST
MO;ARCHEOLOGIE_VONDST_WAARDEVOLLE LIJN;ARCHEOLOGIE_VONDST
MO;ARCHEOLOGIE_VINDPLAATS_HOGE VERWACHTING;ARCHEOLOGIE_VINDPLAATS
MO;ARCHEOLOGIE_VINDPLAATS_LAGE VERWACHTING;ARCHEOLOGIE_VINDPLAATS
MO;ARCHEOLOGIE_VINDPLAATS_MIDDELHOGE VERWACHTING;ARCHEOLOGIE_VINDPLAATS
MO;ARCHEOLOGIE_VINDPLAATS_VERSTOORD DOOR ONDERZOEK;ARCHEOLOGIE_VINDPLAATS
MO;ARCHEOLOGIE_VINDPLAATS_VERSTOORD DOOR ONTGRONDING;ARCHEOLOGIE_VINDPLAATS
MO;BODEM_VERVUILING_GROTER ACHTERGRONDWAARDE;BODEM_VERVUILING
MO;BODEM_VERVUILING_GROTER TUSSENWAARDE;BODEM_VERVUILING
MO;BODEM_VERVUILING_GROTER INTERVENTIEWAARDE;BODEM_VERVUILING
MO;BODEM_VERVUILING_KLEINER ACHTERGRONDWAARDE;BODEM_VERVUILING
MO;WATERBODEM_VERVUILING_KLASSE B;WATERBODEM_VERVUILING
MO;WATERBODEM_VERVUILING_KLASSE A;WATERBODEM_VERVUILING
MO;WATERBODEM_VERVUILING_NIET TOEPASBAAR;WATERBODEM_VERVUILING
OG;ZONE_BESCHERMD STADS EN DORPSGEZICHT;ZONE
OG;ZONE_GEVAARLIJKE STOFFEN;ZONE
OG;BEBOUWING_CULTUUR EN ONTSPANNING;BEBOUWING
OG;BEBOUWING_BIJZONDERE DOELEINDEN;BEBOUWING
OG;BEBOUWING_PIJLER VIADUCT;BEBOUWING
OG;BEBOUWING_KOLOM GEBOUW;BEBOUWING
OG;BEBOUWING_TE AMOVEREN;BEBOUWING
OG;BEBOUWING_LAGE TRAFO;BEBOUWING
OG;BEBOUWING_OPENBAAR TOILET;BEBOUWING
OG;BEBOUWING_TE HANDHAVEN;BEBOUWING
OG;TERREIN_NIET UITGEEFBAAR;TERREIN
OG;TERREIN_OPENBAAR GEBIED;TERREIN
OG;TERREIN_UIT TE WERKEN;TERREIN
OG;GRONDGEBRUIK_NIET INGERICHT;GRONDGEBRUIK
OG;LIGPLAATS_GEVAARLIJKE LADING;LIGPLAATS
OG;OPENBAAR VERVOER_HALTE_TRAM;OPENBAAR VERVOER_HALTE
OG;OPENBAAR VERVOER_HALTE_GECOMBINEERD;OPENBAAR VERVOER_HALTE
OG;OPENBAAR VERVOER_HALTE_BUS;OPENBAAR VERVOER_HALTE
OG;WEG_PARKEERPLAATS_LAAD EN LOS;WEG_PARKEERPLAATS
OG;BEBOUWING_WONINGBOUW_TWEE ONDER EEN KAP;BEBOUWING_WONINGBOUW
OG;BEBOUWING_OVERBOUWING_MET KOPPELBALKEN;BEBOUWING_OVERBOUWING
OG;TERREIN_KOPPELING_AGRARISCH GEBIED;TERREIN_KOPPELING
OG;TERREIN_UITGEEFBAAR_VRIJE SECTOR;TERREIN_UITGEEFBAAR
OG;TERREIN_UITGEEFBAAR_MAATSCHAPPELIJKE VOORZIENING;TERREIN_UITGEEFBAAR
OG;TERREIN_NIET UITGEEFBAAR_KAVEL;TERREIN_NIET UITGEEFBAAR
OG;TERREIN_AGRARISCH_MET WAARDEN;TERREIN_AGRARISCH
OG;BEBOUWING_WONINGBOUW_HUUR_VRIJE SECTOR;BEBOUWING_WONINGBOUW_HUUR
OG;BEBOUWING_WONINGBOUW_TWEE ONDER EEN KAP_DUUR;BEBOUWING_WONINGBOUW_TWEE ONDER EEN KAP
OG;BEBOUWING_WONINGBOUW_TWEE ONDER EEN KAP_MIDDELDUUR;BEBOUWING_WONINGBOUW_TWEE ONDER EEN KAP
OG;BEBOUWING_WONINGBOUW_TWEE ONDER EEN KAP_GOEDKOOP;BEBOUWING_WONINGBOUW_TWEE ONDER EEN KAP
OG;BEBOUWING_WONINGBOUW_KOOP_PARTICULIER OPDRACHTGEVERSCHAP;BEBOUWING_WONINGBOUW_KOOP
OG;TERREIN_UITGEEFBAAR_KOOP_PARTICULIER OPDRACHTGEVERSCHAP;TERREIN_UITGEEFBAAR_KOOP
OG;TERREIN_UITGEEFBAAR_VRIJE SECTOR_PARTICULIER OPDRACHTGEVERSCHAP;TERREIN_UITGEEFBAAR_VRIJE SECTOR
RI;WATERBERGENDE VOORZIENING_STRIPDRAIN;WATERBERGENDE VOORZIENING
RI;WATERBERGENDE VOORZIENING_INFILTRATIEKRAT;WATERBERGENDE VOORZIENING
RI;OVERIG_RIOOLPUT-OP HOOGTE BRENGEN;OVERIG_RIOOLPUT
RI;OVERIG_KOLK-OP HOOGTE BRENGEN;OVERIG_KOLK
RI;HWA_RIOOLPUT-OP HOOGTE BRENGEN;HWA_RIOOLPUT
RI;HWA_KOLK-OP HOOGTE BRENGEN;HWA_KOLK
RI;ITR_RIOOLPUT-OP HOOGTE BRENGEN;ITR_RIOOLPUT
RI;ITR_KOLK-OP HOOGTE BRENGEN;ITR_KOLK
RI;DWA_RIOOLPUT-OP HOOGTE BRENGEN;DWA_RIOOLPUT
RI;DWA_TRANSPORTLEIDING-OP HOOGTE BRENGEN;DWA_TRANSPORTLEIDING
RI;DWA_KOLK-OP HOOGTE BRENGEN;DWA_KOLK
RI;PERSLEIDING_RIOOLPUT-OP HOOGTE BRENGEN;PERSLEIDING_RIOOLPUT
RI;GWA_KOLK-OP HOOGTE BRENGEN;GWA_KOLK
RI;GWA_RIOOLPUT-OP HOOGTE BRENGEN;GWA_RIOOLPUT
RI;DRAINAGE_HULPSTUK_T STUK;DRAINAGE_HULPSTUK
RI;HWA_TRANSPORTLEIDING_BETON_EI_900 1350;HWA_TRANSPORTLEIDING_BETON_EI
RI;HWA_TRANSPORTLEIDING_BETON_EI_300 450;HWA_TRANSPORTLEIDING_BETON_EI
RI;HWA_TRANSPORTLEIDING_BETON_EI_250 375;HWA_TRANSPORTLEIDING_BETON_EI
RI;HWA_TRANSPORTLEIDING_BETON_EI_600 900;HWA_TRANSPORTLEIDING_BETON_EI
RI;HWA_TRANSPORTLEIDING_BETON_EI_200 300;HWA_TRANSPORTLEIDING_BETON_EI
RI;HWA_TRANSPORTLEIDING_BETON_EI_500 750;HWA_TRANSPORTLEIDING_BETON_EI
RI;HWA_TRANSPORTLEIDING_BETON_EI_800 1200;HWA_TRANSPORTLEIDING_BETON_EI
RI;HWA_TRANSPORTLEIDING_BETON_EI_400 600;HWA_TRANSPORTLEIDING_BETON_EI
RI;HWA_TRANSPORTLEIDING_BETON_EI_1000 1500;HWA_TRANSPORTLEIDING_BETON_EI
RI;HWA_TRANSPORTLEIDING_BETON_EI_700 1050;HWA_TRANSPORTLEIDING_BETON_EI
RI;HWA_RIOOLLEIDING_BETON_EI_400 600;HWA_RIOOLLEIDING_BETON_EI
RI;HWA_RIOOLLEIDING_BETON_EI_800 1200;HWA_RIOOLLEIDING_BETON_EI
RI;HWA_RIOOLLEIDING_BETON_EI_500 750;HWA_RIOOLLEIDING_BETON_EI
RI;HWA_RIOOLLEIDING_BETON_EI_600 900;HWA_RIOOLLEIDING_BETON_EI
RI;HWA_RIOOLLEIDING_BETON_EI_1000 1500;HWA_RIOOLLEIDING_BETON_EI
RI;HWA_RIOOLLEIDING_BETON_EI_200 300;HWA_RIOOLLEIDING_BETON_EI
RI;HWA_RIOOLLEIDING_BETON_EI_300 450;HWA_RIOOLLEIDING_BETON_EI
RI;HWA_RIOOLLEIDING_BETON_EI_250 375;HWA_RIOOLLEIDING_BETON_EI
RI;HWA_RIOOLLEIDING_BETON_EI_700 1050;HWA_RIOOLLEIDING_BETON_EI
RI;HWA_RIOOLLEIDING_BETON_EI_900 1350;HWA_RIOOLLEIDING_BETON_EI
RI;DWA_RIOOLLEIDING_BETON_EI_250 375;DWA_RIOOLLEIDING_BETON_EI
RI;DWA_RIOOLLEIDING_BETON_EI_1000 1500;DWA_RIOOLLEIDING_BETON_EI
RI;DWA_RIOOLLEIDING_BETON_EI_800 1200;DWA_RIOOLLEIDING_BETON_EI
RI;DWA_RIOOLLEIDING_BETON_EI_900 1350;DWA_RIOOLLEIDING_BETON_EI
RI;DWA_RIOOLLEIDING_BETON_EI_700 1050;DWA_RIOOLLEIDING_BETON_EI
RI;DWA_RIOOLLEIDING_BETON_EI_400 600;DWA_RIOOLLEIDING_BETON_EI
RI;DWA_RIOOLLEIDING_BETON_EI_200 300;DWA_RIOOLLEIDING_BETON_EI
RI;DWA_RIOOLLEIDING_BETON_EI_600 900;DWA_RIOOLLEIDING_BETON_EI
RI;DWA_RIOOLLEIDING_BETON_EI_500 750;DWA_RIOOLLEIDING_BETON_EI
RI;DWA_RIOOLLEIDING_BETON_EI_300 450;DWA_RIOOLLEIDING_BETON_EI
RI;DWA_TRANSPORTLEIDING_BETON_EI_900 1350;DWA_TRANSPORTLEIDING_BETON_EI
RI;DWA_TRANSPORTLEIDING_BETON_EI_200 300;DWA_TRANSPORTLEIDING_BETON_EI
RI;DWA_TRANSPORTLEIDING_BETON_EI_700 1050;DWA_TRANSPORTLEIDING_BETON_EI
RI;DWA_TRANSPORTLEIDING_BETON_EI_500 750;DWA_TRANSPORTLEIDING_BETON_EI
RI;DWA_TRANSPORTLEIDING_BETON_EI_800 1200;DWA_TRANSPORTLEIDING_BETON_EI
RI;DWA_TRANSPORTLEIDING_BETON_EI_1000 1500;DWA_TRANSPORTLEIDING_BETON_EI
RI;DWA_TRANSPORTLEIDING_BETON_EI_400 600;DWA_TRANSPORTLEIDING_BETON_EI
RI;DWA_TRANSPORTLEIDING_BETON_EI_600 900;DWA_TRANSPORTLEIDING_BETON_EI
RI;DWA_TRANSPORTLEIDING_BETON_EI_300 450;DWA_TRANSPORTLEIDING_BETON_EI
RI;DWA_TRANSPORTLEIDING_BETON_EI_250 375;DWA_TRANSPORTLEIDING_BETON_EI
RI;GWA_TRANSPORTLEIDING_BETON_EI_300 450;GWA_TRANSPORTLEIDING_BETON_EI
RI;GWA_TRANSPORTLEIDING_BETON_EI_1000 1500;GWA_TRANSPORTLEIDING_BETON_EI
RI;GWA_TRANSPORTLEIDING_BETON_EI_600 900;GWA_TRANSPORTLEIDING_BETON_EI
RI;GWA_TRANSPORTLEIDING_BETON_EI_250 375;GWA_TRANSPORTLEIDING_BETON_EI
RI;GWA_TRANSPORTLEIDING_BETON_EI_500 750;GWA_TRANSPORTLEIDING_BETON_EI
RI;GWA_TRANSPORTLEIDING_BETON_EI_900 1350;GWA_TRANSPORTLEIDING_BETON_EI
RI;GWA_TRANSPORTLEIDING_BETON_EI_700 1050;GWA_TRANSPORTLEIDING_BETON_EI
RI;GWA_TRANSPORTLEIDING_BETON_EI_400 600;GWA_TRANSPORTLEIDING_BETON_EI
RI;GWA_TRANSPORTLEIDING_BETON_EI_800 1200;GWA_TRANSPORTLEIDING_BETON_EI
RI;GWA_TRANSPORTLEIDING_BETON_EI_200 300;GWA_TRANSPORTLEIDING_BETON_EI
RI;GWA_RIOOLLEIDING_BETON_EI_600 900;GWA_RIOOLLEIDING_BETON_EI
RI;GWA_RIOOLLEIDING_BETON_EI_800 1200;GWA_RIOOLLEIDING_BETON_EI
RI;GWA_RIOOLLEIDING_BETON_EI_1000 1500;GWA_RIOOLLEIDING_BETON_EI
RI;GWA_RIOOLLEIDING_BETON_EI_500 750;GWA_RIOOLLEIDING_BETON_EI
RI;GWA_RIOOLLEIDING_BETON_EI_200 300;GWA_RIOOLLEIDING_BETON_EI
RI;GWA_RIOOLLEIDING_BETON_EI_250 375;GWA_RIOOLLEIDING_BETON_EI
RI;GWA_RIOOLLEIDING_BETON_EI_900 1350;GWA_RIOOLLEIDING_BETON_EI
RI;GWA_RIOOLLEIDING_BETON_EI_700 1050;GWA_RIOOLLEIDING_BETON_EI
RI;GWA_RIOOLLEIDING_BETON_EI_400 600;GWA_RIOOLLEIDING_BETON_EI
RI;GWA_RIOOLLEIDING_BETON_EI_300 450;GWA_RIOOLLEIDING_BETON_EI
RI;DRAINAGE_TRANSPORTLEIDING_BETON_EI_700 1050;DRAINAGE_TRANSPORTLEIDING_BETON_EI
RI;DRAINAGE_TRANSPORTLEIDING_BETON_EI_1000 1500;DRAINAGE_TRANSPORTLEIDING_BETON_EI
RI;DRAINAGE_TRANSPORTLEIDING_BETON_EI_300 450;DRAINAGE_TRANSPORTLEIDING_BETON_EI
RI;DRAINAGE_TRANSPORTLEIDING_BETON_EI_600 900;DRAINAGE_TRANSPORTLEIDING_BETON_EI
RI;DRAINAGE_TRANSPORTLEIDING_BETON_EI_500 750;DRAINAGE_TRANSPORTLEIDING_BETON_EI
RI;DRAINAGE_TRANSPORTLEIDING_BETON_EI_900 1350;DRAINAGE_TRANSPORTLEIDING_BETON_EI
RI;DRAINAGE_TRANSPORTLEIDING_BETON_EI_250 375;DRAINAGE_TRANSPORTLEIDING_BETON_EI
RI;DRAINAGE_TRANSPORTLEIDING_BETON_EI_200 300;DRAINAGE_TRANSPORTLEIDING_BETON_EI
RI;DRAINAGE_TRANSPORTLEIDING_BETON_EI_400 600;DRAINAGE_TRANSPORTLEIDING_BETON_EI
RI;DRAINAGE_TRANSPORTLEIDING_BETON_EI_800 1200;DRAINAGE_TRANSPORTLEIDING_BETON_EI
RI;DRAINAGE_RIOOLLEIDING_BETON_EI_400 600;DRAINAGE_RIOOLLEIDING_BETON_EI
RI;DRAINAGE_RIOOLLEIDING_BETON_EI_900 1350;DRAINAGE_RIOOLLEIDING_BETON_EI
RI;DRAINAGE_RIOOLLEIDING_BETON_EI_200 300;DRAINAGE_RIOOLLEIDING_BETON_EI
RI;DRAINAGE_RIOOLLEIDING_BETON_EI_300 450;DRAINAGE_RIOOLLEIDING_BETON_EI
RI;DRAINAGE_RIOOLLEIDING_BETON_EI_700 1050;DRAINAGE_RIOOLLEIDING_BETON_EI
RI;DRAINAGE_RIOOLLEIDING_BETON_EI_500 750;DRAINAGE_RIOOLLEIDING_BETON_EI
RI;DRAINAGE_RIOOLLEIDING_BETON_EI_1000 1500;DRAINAGE_RIOOLLEIDING_BETON_EI
RI;DRAINAGE_RIOOLLEIDING_BETON_EI_600 900;DRAINAGE_RIOOLLEIDING_BETON_EI
RI;DRAINAGE_RIOOLLEIDING_BETON_EI_250 375;DRAINAGE_RIOOLLEIDING_BETON_EI
RI;DRAINAGE_RIOOLLEIDING_BETON_EI_800 1200;DRAINAGE_RIOOLLEIDING_BETON_EI
SB;SPOORSTAAF_NIET GEMETEN;SPOORSTAAF
SB;SPOORSTAAF_BUITEN GEBRUIK;SPOORSTAAF
SB;BOVENBOUW_DOORGEZICHTE RECHTSTAND;BOVENBOUW
SB;BOVENBOUW_AF EN PASBRANDEN;BOVENBOUW
SB;BOVENBOUW_LIJNCODERING BEHEER;BOVENBOUW
SB;BOVENBOUW_ELEKTRISCHE DOORVERBINDING;BOVENBOUW
SB;SPOORSTAAF_AFWIJKING_5 TOT 10CM;SPOORSTAAF_AFWIJKING
SB;SPOORSTAAF_AFWIJKING_0 TOT 5CM;SPOORSTAAF_AFWIJKING
SB;SPOORSTAAF_INLASSING_KOP EN LAT;SPOORSTAAF_INLASSING
SB;BOVENBOUW_SPOORCONSTRUCTIE_BITUMINEUZE GROEFVULLING;BOVENBOUW_SPOORCONSTRUCTIE
SB;BOVENBOUW_SPOORCONSTRUCTIE_CEMBRE VERBINDING;BOVENBOUW_SPOORCONSTRUCTIE
SB;BOVENBOUW_SPOORCONSTRUCTIE-OPENSLOPEN VOOR AANSLUITING;BOVENBOUW_SPOORCONSTRUCTIE
SB;BOVENBOUW_SPOORCONSTRUCTIE_DWARSLIGGER IN BETON;BOVENBOUW_SPOORCONSTRUCTIE
SB;BOVENBOUW_SPOORCONSTRUCTIE_KANTPLANK EN PAAL;BOVENBOUW_SPOORCONSTRUCTIE
SB;BOVENBOUW_SPOORCONSTRUCTIE_DWARSLIGGER IN BALLAST;BOVENBOUW_SPOORCONSTRUCTIE
SB;BOVENBOUW_SPOORCONSTRUCTIE_DWARSLIGGER IN ZAND;BOVENBOUW_SPOORCONSTRUCTIE
SB;BOVENBOUW_MVP_NIEUW SPOOR;BOVENBOUW_MVP
SB;BOVENBOUW_MVP_S+T WERKZAAMHEDEN;BOVENBOUW_MVP
SB;BOVENBOUW_MVP_LOSSE RAIL;BOVENBOUW_MVP
SB;BOVENBOUW_HARTSTUK_DOORGEZICHTE NULLIJN;BOVENBOUW_HARTSTUK
SB;SPOOR_BEVESTIGING_CHEMISCH LIJMPATROON;SPOOR_BEVESTIGING
SB;SPOOR_LASSEN_ELEKTISCHE SCHEIDING;SPOOR_LASSEN
SB;SPOOR_STOOTJUK_HOUTEN DWARSLIGGER;SPOOR_STOOTJUK
SB;BOVENBOUW_SPOORCONSTRUCTIE_ONDERBED-SCHUIN SLOPEN;BOVENBOUW_SPOORCONSTRUCTIE_ONDERBED
SB;BOVENBOUW_SPOORCONSTRUCTIE_BALLAST_22 40;BOVENBOUW_SPOORCONSTRUCTIE_BALLAST
SB;BOVENBOUW_SPOORCONSTRUCTIE_BALLAST_31 50;BOVENBOUW_SPOORCONSTRUCTIE_BALLAST
SB;SPOOR_WISSEL_WISSELBAK_H EN K;SPOOR_WISSEL_WISSELBAK
SB;SPOOR_BEVESTIGING_KLEM _SKL14;SPOOR_BEVESTIGING_KLEM
SB;SPOOR_BEVESTIGING_KLEM _SKL1;SPOOR_BEVESTIGING_KLEM
SB;SPOOR_BEVESTIGING_KLEM _RAILKLEM;SPOOR_BEVESTIGING_KLEM
VH;KANTOPSLUITING_PERS RICHEL;KANTOPSLUITING
VH;HALFVERHARDING_GESTABILISEERD GRAS;HALFVERHARDING
VH;OPENVERHARDING_STRAATBAKSTEEN-OP DE KOP;OPENVERHARDING_STRAATBAKSTEEN
VH;OPENVERHARDING_TEGEL_ZINLOOS GEWELD TEGEL;OPENVERHARDING_TEGEL
VH;OPENVERHARDING_BETONSTRAATSTEEN-OP DE KOP;OPENVERHARDING_BETONSTRAATSTEEN
VH;KANTOPSLUITING_RWSBAND_110 220;KANTOPSLUITING_RWSBAND
VH;KANTOPSLUITING_RWSBAND-OPNIEUW STELLEN;KANTOPSLUITING_RWSBAND
VH;KANTOPSLUITING_OPSLUITBAND-OPNIEUW STELLEN;KANTOPSLUITING_OPSLUITBAND
VH;KANTOPSLUITING_BUSHALTEBAND-OPNIEUW STELLEN;KANTOPSLUITING_BUSHALTEBAND
VH;KANTOPSLUITING_SCHEIDINGSBAND-OPNIEUW STELLEN;KANTOPSLUITING_SCHEIDINGSBAND
VH;KANTOPSLUITING_SCHEIDINGSBAND_110 250;KANTOPSLUITING_SCHEIDINGSBAND
VH;KANTOPSLUITING_TROTTOIRBAND_180 200;KANTOPSLUITING_TROTTOIRBAND
VH;KANTOPSLUITING_TROTTOIRBAND_130 150;KANTOPSLUITING_TROTTOIRBAND
VH;KANTOPSLUITING_TROTTOIRBAND_280 300;KANTOPSLUITING_TROTTOIRBAND
VH;KANTOPSLUITING_TROTTOIRBAND-OPNIEUW STELLEN;KANTOPSLUITING_TROTTOIRBAND
VH;KANTOPSLUITING_GAZONBAND-OPNIEUW STELLEN;KANTOPSLUITING_GAZONBAND
VH;KANTOPSLUITING_GELEIDEBAND_70 200;KANTOPSLUITING_GELEIDEBAND
VH;KANTOPSLUITING_GELEIDEBAND_60 120;KANTOPSLUITING_GELEIDEBAND
VH;KANTOPSLUITING_GELEIDEBAND_50 200;KANTOPSLUITING_GELEIDEBAND
VH;KANTOPSLUITING_GELEIDEBAND-OPNIEUW STELLEN;KANTOPSLUITING_GELEIDEBAND
VH;KANTOPSLUITING_GELEIDEBAND_190 220;KANTOPSLUITING_GELEIDEBAND
VH;KANTOPSLUITING_GELEIDEBAND_100 200;KANTOPSLUITING_GELEIDEBAND
VH;KANTOPSLUITING_GELEIDEBAND_40 150;KANTOPSLUITING_GELEIDEBAND
VH;KANTOPSLUITING_GELEIDEBAND_30 80;KANTOPSLUITING_GELEIDEBAND
VH;KANTOPSLUITING_GELEIDEBAND_100 250;KANTOPSLUITING_GELEIDEBAND
VH;KANTOPSLUITING_GELEIDEBAND_40 120;KANTOPSLUITING_GELEIDEBAND
VH;KANTOPSLUITING_GELEIDEBAND_100 300;KANTOPSLUITING_GELEIDEBAND
VH;KANTOPSLUITING_ROTONDEBAND_500 200;KANTOPSLUITING_ROTONDEBAND
VH;KANTOPSLUITING_PWSBAND_250X130 200;KANTOPSLUITING_PWSBAND
VH;KANTOPSLUITING_PWSBAND-OPNIEUW STELLEN;KANTOPSLUITING_PWSBAND
VH;KANTOPSLUITING_PWSBAND_250X130 240;KANTOPSLUITING_PWSBAND
VH;KANTOPSLUITING_RWSBAND_110 220_HULPSTUK;KANTOPSLUITING_RWSBAND_110 220
VH;KANTOPSLUITING_TROTTOIRBAND_180 200-OP DE KOP;KANTOPSLUITING_TROTTOIRBAND_180 200
VH;KANTOPSLUITING_TROTTOIRBAND_180 200-OPNIEUW STELLEN;KANTOPSLUITING_TROTTOIRBAND_180 200
VH;KANTOPSLUITING_TROTTOIRBAND_180 200_HULPSTUK;KANTOPSLUITING_TROTTOIRBAND_180 200
VH;KANTOPSLUITING_TROTTOIRBAND_130 150-OPNIEUW STELLEN;KANTOPSLUITING_TROTTOIRBAND_130 150
VH;KANTOPSLUITING_TROTTOIRBAND_130 150-OP DE KOP;KANTOPSLUITING_TROTTOIRBAND_130 150
VH;KANTOPSLUITING_TROTTOIRBAND_130 150_HULPSTUK;KANTOPSLUITING_TROTTOIRBAND_130 150
VH;KANTOPSLUITING_TROTTOIRBAND_280 300-OP DE KOP;KANTOPSLUITING_TROTTOIRBAND_280 300
VH;KANTOPSLUITING_TROTTOIRBAND_280 300-OPNIEUW STELLEN;KANTOPSLUITING_TROTTOIRBAND_280 300
VH;KANTOPSLUITING_TROTTOIRBAND_280 300_HULPSTUK;KANTOPSLUITING_TROTTOIRBAND_280 300
VH;KANTOPSLUITING_GELEIDEBAND_70 200_HULPSTUK;KANTOPSLUITING_GELEIDEBAND_70 200
VH;KANTOPSLUITING_GELEIDEBAND_60 120_HULPSTUK;KANTOPSLUITING_GELEIDEBAND_60 120
VH;KANTOPSLUITING_GELEIDEBAND_50 200_HULPSTUK;KANTOPSLUITING_GELEIDEBAND_50 200
VH;KANTOPSLUITING_GELEIDEBAND_190 220_HULPSTUK;KANTOPSLUITING_GELEIDEBAND_190 220
VH;KANTOPSLUITING_GELEIDEBAND_100 200_HULPSTUK;KANTOPSLUITING_GELEIDEBAND_100 200
VH;KANTOPSLUITING_GELEIDEBAND_40 150_HULPSTUK;KANTOPSLUITING_GELEIDEBAND_40 150
VH;KANTOPSLUITING_GELEIDEBAND_30 80_HULPSTUK;KANTOPSLUITING_GELEIDEBAND_30 80
VH;KANTOPSLUITING_GELEIDEBAND_100 250_HULPSTUK;KANTOPSLUITING_GELEIDEBAND_100 250
VH;KANTOPSLUITING_GELEIDEBAND_40 120_HULPSTUK;KANTOPSLUITING_GELEIDEBAND_40 120
VH;KANTOPSLUITING_GELEIDEBAND_100 300_HULPSTUK;KANTOPSLUITING_GELEIDEBAND_100 300
VH;KANTOPSLUITING_PWSBAND_250X130 200_HULPSTUK;KANTOPSLUITING_PWSBAND_250X130 200
VH;KANTOPSLUITING_PWSBAND_250X130 240_HULPSTUK;KANTOPSLUITING_PWSBAND_250X130 240
VW;VERKEERSTEKEN_BORD_CATEGORIE K;VERKEERSTEKEN_BORD
VW;VERKEERSTEKEN_BORD_CATEGORIE J;VERKEERSTEKEN_BORD
VW;VERKEERSTEKEN_BORD_CATEGORIE A;VERKEERSTEKEN_BORD
VW;VERKEERSTEKEN_BORD_CATEGORIE L;VERKEERSTEKEN_BORD
VW;VERKEERSTEKEN_BORD_CATEGORIE C;VERKEERSTEKEN_BORD
VW;VERKEERSTEKEN_BORD_CATEGORIE B;VERKEERSTEKEN_BORD
VW;VERKEERSTEKEN_BORD_CATEGORIE H;VERKEERSTEKEN_BORD
VW;VERKEERSTEKEN_BORD_CATEGORIE E;VERKEERSTEKEN_BORD
VW;VERKEERSTEKEN_BORD_CATEGORIE G;VERKEERSTEKEN_BORD
VW;VERKEERSTEKEN_BORD_CATEGORIE F;VERKEERSTEKEN_BORD
VW;VERKEERSTEKEN_BORD_CATEGORIE D;VERKEERSTEKEN_BORD
