OMSCHRIJVING;STATUS;-;DISCIPLINE;-;HOOFDGROEP;-;OBJECT;_;SUBOBJECT01;_;SUBOBJECT02;_;SUBOBJECT03;_;SUBOBJECT04;_;SUBOBJECT05;-;BEWERKING;-;SCHAAL;ARCERING;SYMBOOL;LAAGNAAM;B lineweight;B color;B color A;B color GD;B color GN;B color V;B linetype;N lineweight;N color;N color A;N color GD;N color GN;N color V;N linetype;V lineweight;V color;V color A;V color GD;V color GN;V color V;V linetype;T lineweight;T color;T color A;T color GD;T color GN;T color V;T linetype;VRKL_kort;VRKL_lang;ID;KIND_VAN;URI;KIND_VAN_URI
GELEIDECONSTRUCTIE;*;-;**;-;BV;-;GELEIDECONSTRUCTIE;;;;;;;;;;;;;;;;SBV-GELEIDECONSTRUCTIE;*-**-BV-GELEIDECONSTRUCTIE;0.18;210;212;210;210;253;CONTINUOUS;0.35;210;212;210;210;253;CONTINUOUS;0.35;210;212;210;210;253;V-CONTINUOUS-SO;0.18;210;212;210;210;253;CONTINUOUS;;;151;;http://digitalbuildingdata.tech/nlcs/def/c39b8e84-38a6-4c61-a82f-64f9c77521c2;
GELEIDECONSTRUCTIE_BEBAKENING;*;-;**;-;BV;-;GELEIDECONSTRUCTIE;_;BEBAKENING;;;;;;;;;;;;;;;*-**-BV-GELEIDECONSTRUCTIE_BEBAKENING;0.18;210;212;210;210;253;CONTINUOUS;0.35;210;212;210;210;253;CONTINUOUS;0.35;210;212;210;210;253;V-CONTINUOUS-SO;0.35;210;212;210;210;253;CONTINUOUS;;;227;151;http://digitalbuildingdata.tech/nlcs/def/4d669de6-d8fa-420b-b1c3-e9f319dd1b56;http://digitalbuildingdata.tech/nlcs/def/c39b8e84-38a6-4c61-a82f-64f9c77521c2
GELEIDECONSTRUCTIE_GELEIDEBARRIER;*;-;**;-;BV;-;GELEIDECONSTRUCTIE;_;GELEIDEBARRIER;;;;;;;;;;;;;;;*-**-BV-GELEIDECONSTRUCTIE_GELEIDEBARRIER;0.18;210;212;210;210;253;BV-GELEIDEBARRIER-SO;0.35;210;212;210;210;253;BV-GELEIDEBARRIER-SO;0.35;210;212;210;210;253;V-BV-GELEIDEBARRIER-SO;0.35;210;212;210;210;253;BV-GELEIDEBARRIER-SO;;;152;151;http://digitalbuildingdata.tech/nlcs/def/f8eb9044-c06a-43b0-ba31-b65083065572;http://digitalbuildingdata.tech/nlcs/def/c39b8e84-38a6-4c61-a82f-64f9c77521c2
GELEIDECONSTRUCTIE_GELEIDEBARRIER_ANTIVERBLINDINGSSCHERM;*;-;**;-;BV;-;GELEIDECONSTRUCTIE;_;GELEIDEBARRIER;_;ANTIVERBLINDINGSSCHERM;;;;;;;;;;;;;*-**-BV-GELEIDECONSTRUCTIE_GELEIDEBARRIER_ANTIVERBLINDINGSSCHERM;0.18;210;212;210;210;253;CONTINUOUS;0.35;210;212;210;210;253;CONTINUOUS;0.35;210;212;210;210;253;V-CONTINUOUS-SO;0.35;210;212;210;210;253;CONTINUOUS;;;167;152;http://digitalbuildingdata.tech/nlcs/def/bd6f1540-d406-4c11-93ea-e6411022d8fe;http://digitalbuildingdata.tech/nlcs/def/f8eb9044-c06a-43b0-ba31-b65083065572
GELEIDECONSTRUCTIE_GELEIDEBARRIER_OVERGANG;*;-;**;-;BV;-;GELEIDECONSTRUCTIE;_;GELEIDEBARRIER;_;OVERGANG;;;;;;;;;;;;;*-**-BV-GELEIDECONSTRUCTIE_GELEIDEBARRIER_OVERGANG;0.18;210;212;210;210;253;CONTINUOUS;0.35;210;212;210;210;253;CONTINUOUS;0.35;210;212;210;210;253;V-CONTINUOUS-SO;0.35;210;212;210;210;253;CONTINUOUS;;;165;152;http://digitalbuildingdata.tech/nlcs/def/b419ff91-8242-486d-9db2-6572f3360f5c;http://digitalbuildingdata.tech/nlcs/def/f8eb9044-c06a-43b0-ba31-b65083065572
GELEIDECONSTRUCTIE_GELEIDEBARRIER_OVERSTAPCONSTRUCTIE;*;-;**;-;BV;-;GELEIDECONSTRUCTIE;_;GELEIDEBARRIER;_;OVERSTAPCONSTRUCTIE;;;;;;;;;;;;;*-**-BV-GELEIDECONSTRUCTIE_GELEIDEBARRIER_OVERSTAPCONSTRUCTIE;0.18;210;212;210;210;253;CONTINUOUS;0.35;210;212;210;210;253;CONTINUOUS;0.35;210;212;210;210;253;V-CONTINUOUS-SO;0.35;210;212;210;210;253;CONTINUOUS;;;166;152;http://digitalbuildingdata.tech/nlcs/def/8740ea6f-5a5c-49d2-af7c-f5bd642cac8a;http://digitalbuildingdata.tech/nlcs/def/f8eb9044-c06a-43b0-ba31-b65083065572
GELEIDECONSTRUCTIE_GELEIDEBARRIER_STEPBARRIER;*;-;**;-;BV;-;GELEIDECONSTRUCTIE;_;GELEIDEBARRIER;_;STEPBARRIER;;;;;;;;;;;;;*-**-BV-GELEIDECONSTRUCTIE_GELEIDEBARRIER_STEPBARRIER;0.18;210;212;210;210;253;BV-STEPBARRIER-SO;0.35;210;212;210;210;253;BV-STEPBARRIER-SO;0.35;210;212;210;210;253;V-BV-STEPBARRIER-SO;0.35;210;212;210;210;253;BV-STEPBARRIER-SO;;;153;152;http://digitalbuildingdata.tech/nlcs/def/6d7a2c90-a3d3-45c3-8e55-67cfb0ecb30c;http://digitalbuildingdata.tech/nlcs/def/f8eb9044-c06a-43b0-ba31-b65083065572
GELEIDECONSTRUCTIE_GELEIDEBARRIER_STEPBARRIER_A1;*;-;**;-;BV;-;GELEIDECONSTRUCTIE;_;GELEIDEBARRIER;_;STEPBARRIER;_;A1;;;;;;;;;;;*-**-BV-GELEIDECONSTRUCTIE_GELEIDEBARRIER_STEPBARRIER_A1;0.18;210;212;210;210;253;V-BV-A1-SO;0.35;210;212;210;210;253;V-BV-A1-SO;0.35;210;212;210;210;253;V-BV-A1-SO;0.35;210;212;210;210;253;BV-A1-SO;;;163;153;http://digitalbuildingdata.tech/nlcs/def/9942fa2d-9e56-4a0e-914b-7f18ecd50f65;http://digitalbuildingdata.tech/nlcs/def/6d7a2c90-a3d3-45c3-8e55-67cfb0ecb30c
GELEIDECONSTRUCTIE_GELEIDEBARRIER_STEPBARRIER_BETON;*;-;**;-;BV;-;GELEIDECONSTRUCTIE;_;GELEIDEBARRIER;_;STEPBARRIER;_;BETON;;;;;;;;;;;*-**-BV-GELEIDECONSTRUCTIE_GELEIDEBARRIER_STEPBARRIER_BETON;0.18;210;212;210;210;253;BV-STEPBARRIER_B-SO;0.35;210;212;210;210;253;BV-STEPBARRIER_B-SO;0.35;210;212;210;210;253;V-BV-STEPBARRIER_B-SO;0.35;210;212;210;210;253;BV-STEPBARRIER_B-SO;;;155;153;http://digitalbuildingdata.tech/nlcs/def/f9f9a844-80d7-43ea-9705-9264dbffb2b7;http://digitalbuildingdata.tech/nlcs/def/6d7a2c90-a3d3-45c3-8e55-67cfb0ecb30c
GELEIDECONSTRUCTIE_GELEIDEBARRIER_STEPBARRIER_BETON_PREFABGEKOPPELD;*;-;**;-;BV;-;GELEIDECONSTRUCTIE;_;GELEIDEBARRIER;_;STEPBARRIER;_;BETON;_;PREFABGEKOPPELD;;;;;;;;;*-**-BV-GELEIDECONSTRUCTIE_GELEIDEBARRIER_STEPBARRIER_BETON_PREFABGEKOPPELD;0.18;210;212;210;210;253;BV-STEPBARRIER_BG-SO;0.35;210;212;210;210;253;BV-STEPBARRIER_BG-SO;0.35;210;212;210;210;253;V-BV-STEPBARRIER_BG-SO;0.35;210;212;210;210;253;BV-STEPBARRIER_BG-SO;;;157;155;http://digitalbuildingdata.tech/nlcs/def/47830c97-a9f2-4dd9-994b-04fd5601cf43;http://digitalbuildingdata.tech/nlcs/def/f9f9a844-80d7-43ea-9705-9264dbffb2b7
GELEIDECONSTRUCTIE_GELEIDEBARRIER_STEPBARRIER_BETON_PREFABVERANKERD;*;-;**;-;BV;-;GELEIDECONSTRUCTIE;_;GELEIDEBARRIER;_;STEPBARRIER;_;BETON;_;PREFABVERANKERD;;;;;;;;;*-**-BV-GELEIDECONSTRUCTIE_GELEIDEBARRIER_STEPBARRIER_BETON_PREFABVERANKERD;0.18;210;212;210;210;253;BV-STEPBARRIER_BV-SO;0.35;210;212;210;210;253;BV-STEPBARRIER_BV-SO;0.35;210;212;210;210;253;V-BV-STEPBARRIER_BV-SO;0.35;210;212;210;210;253;BV-STEPBARRIER_BV-SO;;;156;155;http://digitalbuildingdata.tech/nlcs/def/f8f3c0c6-75b9-4281-b30e-48ec372fbed7;http://digitalbuildingdata.tech/nlcs/def/f9f9a844-80d7-43ea-9705-9264dbffb2b7
GELEIDECONSTRUCTIE_GELEIDEBARRIER_STEPBARRIER_BETON_SLIPFORMPAVER;*;-;**;-;BV;-;GELEIDECONSTRUCTIE;_;GELEIDEBARRIER;_;STEPBARRIER;_;BETON;_;SLIPFORMPAVER;;;;;;;;;*-**-BV-GELEIDECONSTRUCTIE_GELEIDEBARRIER_STEPBARRIER_BETON_SLIPFORMPAVER;0.18;210;212;210;210;253;BV-SLIPFORM-SO;0.35;210;212;210;210;253;BV-SLIPFORM-SO;0.35;210;212;210;210;253;V-BV-SLIPFORM-SO;0.35;210;212;210;210;253;BV-SLIPFORM-SO;;;158;155;http://digitalbuildingdata.tech/nlcs/def/2249eaad-b58d-41f5-9960-6b0db861598f;http://digitalbuildingdata.tech/nlcs/def/f9f9a844-80d7-43ea-9705-9264dbffb2b7
GELEIDECONSTRUCTIE_GELEIDEBARRIER_STEPBARRIER_BEVER;*;-;**;-;BV;-;GELEIDECONSTRUCTIE;_;GELEIDEBARRIER;_;STEPBARRIER;_;BEVER;;;;;;;;;;;*-**-BV-GELEIDECONSTRUCTIE_GELEIDEBARRIER_STEPBARRIER_BEVER;0.18;210;212;210;210;253;BV-BEVER-SO;0.35;210;212;210;210;253;BV-BEVER-SO;0.35;210;212;210;210;253;V-BV-BEVER-SO;0.35;210;212;210;210;253;BV-BEVER-SO;;;164;153;http://digitalbuildingdata.tech/nlcs/def/3ad3dc04-272b-4ce6-bac9-ebbe1c6b8880;http://digitalbuildingdata.tech/nlcs/def/6d7a2c90-a3d3-45c3-8e55-67cfb0ecb30c
GELEIDECONSTRUCTIE_GELEIDEBARRIER_STEPBARRIER_RWS;*;-;**;-;BV;-;GELEIDECONSTRUCTIE;_;GELEIDEBARRIER;_;STEPBARRIER;_;RWS;;;;;;;;;;;*-**-BV-GELEIDECONSTRUCTIE_GELEIDEBARRIER_STEPBARRIER_RWS;0.18;210;212;210;210;253;BV-RWS-SO;0.35;210;212;210;210;253;BV-RWS-SO;0.35;210;212;210;210;253;V-BV-RWS-SO;0.35;210;212;210;210;253;BV-RWS-SO;;;159;153;http://digitalbuildingdata.tech/nlcs/def/e162d4a4-6923-41c8-8602-8d78cc03bb8a;http://digitalbuildingdata.tech/nlcs/def/6d7a2c90-a3d3-45c3-8e55-67cfb0ecb30c
GELEIDECONSTRUCTIE_GELEIDEBARRIER_STEPBARRIER_SAFEGUARD;*;-;**;-;BV;-;GELEIDECONSTRUCTIE;_;GELEIDEBARRIER;_;STEPBARRIER;_;SAFEGUARD;;;;;;;;;;;*-**-BV-GELEIDECONSTRUCTIE_GELEIDEBARRIER_STEPBARRIER_SAFEGUARD;0.18;210;212;210;210;253;BV-SAFEGUARD-SO;0.35;210;212;210;210;253;BV-SAFEGUARD-SO;0.35;210;212;210;210;253;V-BV-SAFEGUARD-SO;0.35;210;212;210;210;253;BV-SAFEGUARD-SO;;;160;153;http://digitalbuildingdata.tech/nlcs/def/3f2a95e9-1d6e-438a-8f68-9611a0ff724c;http://digitalbuildingdata.tech/nlcs/def/6d7a2c90-a3d3-45c3-8e55-67cfb0ecb30c
GELEIDECONSTRUCTIE_GELEIDEBARRIER_STEPBARRIER_STAALVERANKERD;*;-;**;-;BV;-;GELEIDECONSTRUCTIE;_;GELEIDEBARRIER;_;STEPBARRIER;_;STAALVERANKERD;;;;;;;;;;;*-**-BV-GELEIDECONSTRUCTIE_GELEIDEBARRIER_STEPBARRIER_STAALVERANKERD;0.18;210;212;210;210;253;BV-STEPBARRIER_S-SO;0.35;210;212;210;210;253;BV-STEPBARRIER_S-SO;0.35;210;212;210;210;253;V-BV-STEPBARRIER_S-SO;0.35;210;212;210;210;253;BV-STEPBARRIER_S-SO;;;154;153;http://digitalbuildingdata.tech/nlcs/def/0b3f24ab-466f-4c1d-9a94-9cc35a853427;http://digitalbuildingdata.tech/nlcs/def/6d7a2c90-a3d3-45c3-8e55-67cfb0ecb30c
GELEIDECONSTRUCTIE_GELEIDEBARRIER_STEPBARRIER_VARIOGUARD;*;-;**;-;BV;-;GELEIDECONSTRUCTIE;_;GELEIDEBARRIER;_;STEPBARRIER;_;VARIOGUARD;;;;;;;;;;;*-**-BV-GELEIDECONSTRUCTIE_GELEIDEBARRIER_STEPBARRIER_VARIOGUARD;0.18;210;212;210;210;253;BV-VARIOGUARD-SO;0.35;210;212;210;210;253;BV-VARIOGUARD-SO;0.35;210;212;210;210;253;V-BV-VARIOGUARD-SO;0.35;210;212;210;210;253;BV-VARIOGUARD-SO;;;162;153;http://digitalbuildingdata.tech/nlcs/def/b96461dd-7956-42c5-9eb6-fcef9958a6ac;http://digitalbuildingdata.tech/nlcs/def/6d7a2c90-a3d3-45c3-8e55-67cfb0ecb30c
GELEIDECONSTRUCTIE_GELEIDEBARRIER_STEPBARRIER_VECUSEC;*;-;**;-;BV;-;GELEIDECONSTRUCTIE;_;GELEIDEBARRIER;_;STEPBARRIER;_;VECUSEC;;;;;;;;;;;*-**-BV-GELEIDECONSTRUCTIE_GELEIDEBARRIER_STEPBARRIER_VECUSEC;0.18;210;212;210;210;253;BV-VECUSEC-SO;0.35;210;212;210;210;253;BV-VECUSEC-SO;0.35;210;212;210;210;253;V-BV-VECUSEC-SO;0.35;210;212;210;210;253;BV-VECUSEC-SO;;;161;153;http://digitalbuildingdata.tech/nlcs/def/2065cc8c-644b-4e53-9a88-203dfaeac21f;http://digitalbuildingdata.tech/nlcs/def/6d7a2c90-a3d3-45c3-8e55-67cfb0ecb30c
GELEIDECONSTRUCTIE_GELEIDERAIL;*;-;**;-;BV;-;GELEIDECONSTRUCTIE;_;GELEIDERAIL;;;;;;;;;;;;;;;*-**-BV-GELEIDECONSTRUCTIE_GELEIDERAIL;0.18;210;212;210;210;253;BV-GELEIDERAIL-SO;0.35;210;212;210;210;253;BV-GELEIDERAIL-SO;0.35;210;212;210;210;253;V-BV-GELEIDERAIL-SO;0.35;210;212;210;210;253;BV-GELEIDERAIL-SO;;;168;151;http://digitalbuildingdata.tech/nlcs/def/84e4442e-8623-4f36-8b94-ffa4bfd88f05;http://digitalbuildingdata.tech/nlcs/def/c39b8e84-38a6-4c61-a82f-64f9c77521c2
GELEIDECONSTRUCTIE_GELEIDERAIL_AARDENBAAN;*;-;**;-;BV;-;GELEIDECONSTRUCTIE;_;GELEIDERAIL;_;AARDENBAAN;;;;;;;;;;;;;*-**-BV-GELEIDECONSTRUCTIE_GELEIDERAIL_AARDENBAAN;0.18;210;212;210;210;253;BV-GELEIDERAIL_A-SO;0.35;210;212;210;210;253;BV-GELEIDERAIL_A-SO;0.35;210;212;210;210;253;V-BV-GELEIDERAIL_A-SO;0.35;210;212;210;210;253;BV-GELEIDERAIL_A-SO;;;169;168;http://digitalbuildingdata.tech/nlcs/def/bc2546f3-eb50-4d25-98ab-b60681f7282c;http://digitalbuildingdata.tech/nlcs/def/84e4442e-8623-4f36-8b94-ffa4bfd88f05
GELEIDECONSTRUCTIE_GELEIDERAIL_AARDENBAAN_F2M40080;*;-;**;-;BV;-;GELEIDECONSTRUCTIE;_;GELEIDERAIL;_;AARDENBAAN;_;F2M40080;;;;;;;;;;;*-**-BV-GELEIDECONSTRUCTIE_GELEIDERAIL_AARDENBAAN_F2M40080;0.18;210;212;210;210;253;BV-F2M40080-SO;0.35;210;212;210;210;253;BV-F2M40080-SO;0.35;210;212;210;210;253;V-BV-F2M40080-SO;0.35;210;212;210;210;253;BV-F2M40080-SO;;;170;169;http://digitalbuildingdata.tech/nlcs/def/ade5d773-6cb8-482c-be9c-8ce051686961;http://digitalbuildingdata.tech/nlcs/def/bc2546f3-eb50-4d25-98ab-b60681f7282c
GELEIDECONSTRUCTIE_GELEIDERAIL_AARDENBAAN_VLP1Z13360;*;-;**;-;BV;-;GELEIDECONSTRUCTIE;_;GELEIDERAIL;_;AARDENBAAN;_;VLP1Z13360;;;;;;;;;;;*-**-BV-GELEIDECONSTRUCTIE_GELEIDERAIL_AARDENBAAN_VLP1Z13360;0.18;210;212;210;210;253;BV-VLP1Z13360-SO;0.35;210;212;210;210;253;BV-VLP1Z13360-SO;0.35;210;212;210;210;253;V-BV-VLP1Z13360-SO;0.35;210;212;210;210;253;BV-VLP1Z13360-SO;;;183;169;http://digitalbuildingdata.tech/nlcs/def/e90370bb-1b94-4b9c-b12a-89f522ae2bc2;http://digitalbuildingdata.tech/nlcs/def/bc2546f3-eb50-4d25-98ab-b60681f7282c
GELEIDECONSTRUCTIE_GELEIDERAIL_AARDENBAAN_VLP1Z13360_LINKS;*;-;**;-;BV;-;GELEIDECONSTRUCTIE;_;GELEIDERAIL;_;AARDENBAAN;_;VLP1Z13360;_;LINKS;;;;;;;;;*-**-BV-GELEIDECONSTRUCTIE_GELEIDERAIL_AARDENBAAN_VLP1Z13360_LINKS;0.18;210;212;210;210;253;BV-VLP1Z13360-SO;0.35;210;212;210;210;253;BV-VLP1Z13360-SO;0.35;210;212;210;210;253;V-BV-VLP1Z13360-SO;0.35;210;212;210;210;253;BV-VLP1Z13360-SO;;;184;183;http://digitalbuildingdata.tech/nlcs/def/cd5f6c3e-de00-4711-8e8d-d9fd0486d30d;http://digitalbuildingdata.tech/nlcs/def/e90370bb-1b94-4b9c-b12a-89f522ae2bc2
GELEIDECONSTRUCTIE_GELEIDERAIL_AARDENBAAN_VLP1Z13360_RECHTS;*;-;**;-;BV;-;GELEIDECONSTRUCTIE;_;GELEIDERAIL;_;AARDENBAAN;_;VLP1Z13360;_;RECHTS;;;;;;;;;*-**-BV-GELEIDECONSTRUCTIE_GELEIDERAIL_AARDENBAAN_VLP1Z13360_RECHTS;0.18;210;212;210;210;253;BV-VLP1Z13360-SO;0.35;210;212;210;210;253;BV-VLP1Z13360-SO;0.35;210;212;210;210;253;V-BV-VLP1Z13360-SO;0.35;210;212;210;210;253;BV-VLP1Z13360-SO;;;185;183;http://digitalbuildingdata.tech/nlcs/def/f64ea305-3bf4-463a-b6f8-02de0377064a;http://digitalbuildingdata.tech/nlcs/def/e90370bb-1b94-4b9c-b12a-89f522ae2bc2
GELEIDECONSTRUCTIE_GELEIDERAIL_AARDENBAAN_VLP1Z26760;*;-;**;-;BV;-;GELEIDECONSTRUCTIE;_;GELEIDERAIL;_;AARDENBAAN;_;VLP1Z26760;;;;;;;;;;;*-**-BV-GELEIDECONSTRUCTIE_GELEIDERAIL_AARDENBAAN_VLP1Z26760;0.18;210;212;210;210;253;BV-VLP1Z26760-SO;0.35;210;212;210;210;253;BV-VLP1Z26760-SO;0.35;210;212;210;210;253;V-BV-VLP1Z26760-SO;0.35;210;212;210;210;253;BV-VLP1Z26760-SO;;;180;169;http://digitalbuildingdata.tech/nlcs/def/5abe08bf-98ab-408e-b263-d82f93d934e6;http://digitalbuildingdata.tech/nlcs/def/bc2546f3-eb50-4d25-98ab-b60681f7282c
GELEIDECONSTRUCTIE_GELEIDERAIL_AARDENBAAN_VLP1Z26760_LINKS;*;-;**;-;BV;-;GELEIDECONSTRUCTIE;_;GELEIDERAIL;_;AARDENBAAN;_;VLP1Z26760;_;LINKS;;;;;;;;;*-**-BV-GELEIDECONSTRUCTIE_GELEIDERAIL_AARDENBAAN_VLP1Z26760_LINKS;0.18;210;212;210;210;253;BV-VLP1Z26760-SO;0.35;210;212;210;210;253;BV-VLP1Z26760-SO;0.35;210;212;210;210;253;V-BV-VLP1Z26760-SO;0.35;210;212;210;210;253;BV-VLP1Z26760-SO;;;181;180;http://digitalbuildingdata.tech/nlcs/def/4e632993-a597-4483-92a1-60d1c862d1e6;http://digitalbuildingdata.tech/nlcs/def/5abe08bf-98ab-408e-b263-d82f93d934e6
GELEIDECONSTRUCTIE_GELEIDERAIL_AARDENBAAN_VLP1Z26760_RECHTS;*;-;**;-;BV;-;GELEIDECONSTRUCTIE;_;GELEIDERAIL;_;AARDENBAAN;_;VLP1Z26760;_;RECHTS;;;;;;;;;*-**-BV-GELEIDECONSTRUCTIE_GELEIDERAIL_AARDENBAAN_VLP1Z26760_RECHTS;0.18;210;212;210;210;253;BV-VLP1Z26760-SO;0.35;210;212;210;210;253;BV-VLP1Z26760-SO;0.35;210;212;210;210;253;V-BV-VLP1Z26760-SO;0.35;210;212;210;210;253;BV-VLP1Z26760-SO;;;182;180;http://digitalbuildingdata.tech/nlcs/def/465ca281-5715-49f3-8b8d-ff64e7fd5f2c;http://digitalbuildingdata.tech/nlcs/def/5abe08bf-98ab-408e-b263-d82f93d934e6
GELEIDECONSTRUCTIE_GELEIDERAIL_AARDENBAAN_VLP1ZC13360;*;-;**;-;BV;-;GELEIDECONSTRUCTIE;_;GELEIDERAIL;_;AARDENBAAN;_;VLP1ZC13360;;;;;;;;;;;*-**-BV-GELEIDECONSTRUCTIE_GELEIDERAIL_AARDENBAAN_VLP1ZC13360;0.18;210;212;210;210;253;BV-VLP1ZC13360-SO;0.35;210;212;210;210;253;BV-VLP1ZC13360-SO;0.35;210;212;210;210;253;V-BV-VLP1ZC13360-SO;0.35;210;212;210;210;253;BV-VLP1ZC13360-SO;;;186;169;http://digitalbuildingdata.tech/nlcs/def/bdc795bb-0cf3-45ad-a9b5-253eb14179ae;http://digitalbuildingdata.tech/nlcs/def/bc2546f3-eb50-4d25-98ab-b60681f7282c
GELEIDECONSTRUCTIE_GELEIDERAIL_AARDENBAAN_VLP1ZC13360_LINKS;*;-;**;-;BV;-;GELEIDECONSTRUCTIE;_;GELEIDERAIL;_;AARDENBAAN;_;VLP1ZC13360;_;LINKS;;;;;;;;;*-**-BV-GELEIDECONSTRUCTIE_GELEIDERAIL_AARDENBAAN_VLP1ZC13360_LINKS;0.18;210;212;210;210;253;BV-VLP1ZC13360-SO;0.35;210;212;210;210;253;BV-VLP1ZC13360-SO;0.35;210;212;210;210;253;V-BV-VLP1ZC13360-SO;0.35;210;212;210;210;253;BV-VLP1ZC13360-SO;;;187;186;http://digitalbuildingdata.tech/nlcs/def/f6b9c282-95ce-4479-8da4-5f027985044a;http://digitalbuildingdata.tech/nlcs/def/bdc795bb-0cf3-45ad-a9b5-253eb14179ae
GELEIDECONSTRUCTIE_GELEIDERAIL_AARDENBAAN_VLP1ZC13360_RECHTS;*;-;**;-;BV;-;GELEIDECONSTRUCTIE;_;GELEIDERAIL;_;AARDENBAAN;_;VLP1ZC13360;_;RECHTS;;;;;;;;;*-**-BV-GELEIDECONSTRUCTIE_GELEIDERAIL_AARDENBAAN_VLP1ZC13360_RECHTS;0.18;210;212;210;210;253;BV-VLP1ZC13360-SO;0.35;210;212;210;210;253;BV-VLP1ZC13360-SO;0.35;210;212;210;210;253;V-BV-VLP1ZC13360-SO;0.35;210;212;210;210;253;BV-VLP1ZC13360-SO;;;188;186;http://digitalbuildingdata.tech/nlcs/def/96def7cb-2828-4f7b-819a-3e2666be6a8e;http://digitalbuildingdata.tech/nlcs/def/bdc795bb-0cf3-45ad-a9b5-253eb14179ae
GELEIDECONSTRUCTIE_GELEIDERAIL_AARDENBAAN_VLP2Z13380;*;-;**;-;BV;-;GELEIDECONSTRUCTIE;_;GELEIDERAIL;_;AARDENBAAN;_;VLP2Z13380;;;;;;;;;;;*-**-BV-GELEIDECONSTRUCTIE_GELEIDERAIL_AARDENBAAN_VLP2Z13380;0.18;210;212;210;210;253;BV-VLP2Z13380-SO;0.35;210;212;210;210;253;BV-VLP2Z13380-SO;0.35;210;212;210;210;253;V-BV-VLP2Z13380-SO;0.35;210;212;210;210;253;BV-VLP2Z13380-SO;;;174;169;http://digitalbuildingdata.tech/nlcs/def/6368d241-12ec-49e8-bce8-ad077b14ca9c;http://digitalbuildingdata.tech/nlcs/def/bc2546f3-eb50-4d25-98ab-b60681f7282c
GELEIDECONSTRUCTIE_GELEIDERAIL_AARDENBAAN_VLP2Z13380_LINKS;*;-;**;-;BV;-;GELEIDECONSTRUCTIE;_;GELEIDERAIL;_;AARDENBAAN;_;VLP2Z13380;_;LINKS;;;;;;;;;*-**-BV-GELEIDECONSTRUCTIE_GELEIDERAIL_AARDENBAAN_VLP2Z13380_LINKS;0.18;210;212;210;210;253;BV-VLP2Z13380-SO;0.35;210;212;210;210;253;BV-VLP2Z13380-SO;0.35;210;212;210;210;253;V-BV-VLP2Z13380-SO;0.35;210;212;210;210;253;BV-VLP2Z13380-SO;;;175;174;http://digitalbuildingdata.tech/nlcs/def/519b528d-f93c-4949-9063-b3dd2dfa2a52;http://digitalbuildingdata.tech/nlcs/def/6368d241-12ec-49e8-bce8-ad077b14ca9c
GELEIDECONSTRUCTIE_GELEIDERAIL_AARDENBAAN_VLP2Z13380_RECHTS;*;-;**;-;BV;-;GELEIDECONSTRUCTIE;_;GELEIDERAIL;_;AARDENBAAN;_;VLP2Z13380;_;RECHTS;;;;;;;;;*-**-BV-GELEIDECONSTRUCTIE_GELEIDERAIL_AARDENBAAN_VLP2Z13380_RECHTS;0.18;210;212;210;210;253;BV-VLP2Z13380-SO;0.35;210;212;210;210;253;BV-VLP2Z13380-SO;0.35;210;212;210;210;253;V-BV-VLP2Z13380-SO;0.35;210;212;210;210;253;BV-VLP2Z13380-SO;;;176;174;http://digitalbuildingdata.tech/nlcs/def/6ce1ad07-9abc-48ab-b566-7ab597938e04;http://digitalbuildingdata.tech/nlcs/def/6368d241-12ec-49e8-bce8-ad077b14ca9c
GELEIDECONSTRUCTIE_GELEIDERAIL_AARDENBAAN_VLP2Z26780;*;-;**;-;BV;-;GELEIDECONSTRUCTIE;_;GELEIDERAIL;_;AARDENBAAN;_;VLP2Z26780;;;;;;;;;;;*-**-BV-GELEIDECONSTRUCTIE_GELEIDERAIL_AARDENBAAN_VLP2Z26780;0.18;210;212;210;210;253;BV-VLP2Z26780-SO;0.35;210;212;210;210;253;BV-VLP2Z26780-SO;0.35;210;212;210;210;253;V-BV-VLP2Z26780-SO;0.35;210;212;210;210;253;BV-VLP2Z26780-SO;;;171;169;http://digitalbuildingdata.tech/nlcs/def/d3f4494b-d0d7-419c-b1a2-7529411312f0;http://digitalbuildingdata.tech/nlcs/def/bc2546f3-eb50-4d25-98ab-b60681f7282c
GELEIDECONSTRUCTIE_GELEIDERAIL_AARDENBAAN_VLP2Z26780_LINKS;*;-;**;-;BV;-;GELEIDECONSTRUCTIE;_;GELEIDERAIL;_;AARDENBAAN;_;VLP2Z26780;_;LINKS;;;;;;;;;*-**-BV-GELEIDECONSTRUCTIE_GELEIDERAIL_AARDENBAAN_VLP2Z26780_LINKS;0.18;210;212;210;210;253;BV-VLP2Z26780-SO;0.35;210;212;210;210;253;BV-VLP2Z26780-SO;0.35;210;212;210;210;253;V-BV-VLP2Z26780-SO;0.35;210;212;210;210;253;BV-VLP2Z26780-SO;;;172;171;http://digitalbuildingdata.tech/nlcs/def/0d1ed7d9-925c-4065-b482-ad17b9ffcaf2;http://digitalbuildingdata.tech/nlcs/def/d3f4494b-d0d7-419c-b1a2-7529411312f0
GELEIDECONSTRUCTIE_GELEIDERAIL_AARDENBAAN_VLP2Z26780_RECHTS;*;-;**;-;BV;-;GELEIDECONSTRUCTIE;_;GELEIDERAIL;_;AARDENBAAN;_;VLP2Z26780;_;RECHTS;;;;;;;;;*-**-BV-GELEIDECONSTRUCTIE_GELEIDERAIL_AARDENBAAN_VLP2Z26780_RECHTS;0.18;210;212;210;210;253;BV-VLP2Z26780-SO;0.35;210;212;210;210;253;BV-VLP2Z26780-SO;0.35;210;212;210;210;253;V-BV-VLP2Z26780-SO;0.35;210;212;210;210;253;BV-VLP2Z26780-SO;;;173;171;http://digitalbuildingdata.tech/nlcs/def/be6a52be-bc1f-4808-a288-c039fcc967f8;http://digitalbuildingdata.tech/nlcs/def/d3f4494b-d0d7-419c-b1a2-7529411312f0
GELEIDECONSTRUCTIE_GELEIDERAIL_AARDENBAAN_VLP2ZC13380;*;-;**;-;BV;-;GELEIDECONSTRUCTIE;_;GELEIDERAIL;_;AARDENBAAN;_;VLP2ZC13380;;;;;;;;;;;*-**-BV-GELEIDECONSTRUCTIE_GELEIDERAIL_AARDENBAAN_VLP2ZC13380;0.18;210;212;210;210;253;BV-VLP2ZC13380-SO;0.35;210;212;210;210;253;BV-VLP2ZC13380-SO;0.35;210;212;210;210;253;V-BV-VLP2ZC13380-SO;0.35;210;212;210;210;253;BV-VLP2ZC13380-SO;;;177;169;http://digitalbuildingdata.tech/nlcs/def/145231d9-3d21-465a-8571-45a5da03f04c;http://digitalbuildingdata.tech/nlcs/def/bc2546f3-eb50-4d25-98ab-b60681f7282c
GELEIDECONSTRUCTIE_GELEIDERAIL_AARDENBAAN_VLP2ZC13380_LINKS;*;-;**;-;BV;-;GELEIDECONSTRUCTIE;_;GELEIDERAIL;_;AARDENBAAN;_;VLP2ZC13380;_;LINKS;;;;;;;;;*-**-BV-GELEIDECONSTRUCTIE_GELEIDERAIL_AARDENBAAN_VLP2ZC13380_LINKS;0.18;210;212;210;210;253;BV-VLP2ZC13380-SO;0.35;210;212;210;210;253;BV-VLP2ZC13380-SO;0.35;210;212;210;210;253;V-BV-VLP2ZC13380-SO;0.35;210;212;210;210;253;BV-VLP2ZC13380-SO;;;178;177;http://digitalbuildingdata.tech/nlcs/def/68280e40-2cf3-4f87-a97d-009ff5fe65c3;http://digitalbuildingdata.tech/nlcs/def/145231d9-3d21-465a-8571-45a5da03f04c
GELEIDECONSTRUCTIE_GELEIDERAIL_AARDENBAAN_VLP2ZC13380_RECHTS;*;-;**;-;BV;-;GELEIDECONSTRUCTIE;_;GELEIDERAIL;_;AARDENBAAN;_;VLP2ZC13380;_;RECHTS;;;;;;;;;*-**-BV-GELEIDECONSTRUCTIE_GELEIDERAIL_AARDENBAAN_VLP2ZC13380_RECHTS;0.18;210;212;210;210;253;BV-VLP2ZC13380-SO;0.35;210;212;210;210;253;BV-VLP2ZC13380-SO;0.35;210;212;210;210;253;V-BV-VLP2ZC13380-SO;0.35;210;212;210;210;253;BV-VLP2ZC13380-SO;;;179;177;http://digitalbuildingdata.tech/nlcs/def/6f17744e-d77e-423b-8415-a28c80e41f6d;http://digitalbuildingdata.tech/nlcs/def/145231d9-3d21-465a-8571-45a5da03f04c
GELEIDECONSTRUCTIE_GELEIDERAIL_ANTIVERBLINDINGSSCHERM;*;-;**;-;BV;-;GELEIDECONSTRUCTIE;_;GELEIDERAIL;_;ANTIVERBLINDINGSSCHERM;;;;;;;;;;;;;*-**-BV-GELEIDECONSTRUCTIE_GELEIDERAIL_ANTIVERBLINDINGSSCHERM;0.18;210;212;210;210;253;CONTINUOUS;0.35;210;212;210;210;253;CONTINUOUS;0.35;210;212;210;210;253;V-CONTINUOUS-SO;0.35;210;212;210;210;253;CONTINUOUS;;;215;168;http://digitalbuildingdata.tech/nlcs/def/75af1d75-9a24-4000-a221-86f8b78d3a61;http://digitalbuildingdata.tech/nlcs/def/84e4442e-8623-4f36-8b94-ffa4bfd88f05
GELEIDECONSTRUCTIE_GELEIDERAIL_ANTIVERBLINDINGSSCHERM_FLEXLAMELLEN;*;-;**;-;BV;-;GELEIDECONSTRUCTIE;_;GELEIDERAIL;_;ANTIVERBLINDINGSSCHERM;_;FLEXLAMELLEN;;;;;;;;;;;*-**-BV-GELEIDECONSTRUCTIE_GELEIDERAIL_ANTIVERBLINDINGSSCHERM_FLEXLAMELLEN;0.18;210;212;210;210;253;BV-ANTIVERBLINDINGSSCHERM-SO;0.35;210;212;210;210;253;BV-ANTIVERBLINDINGSSCHERM-SO;0.35;210;212;210;210;253;V-BV-ANTIVERBLINDINGSSCHERM-SO;0.35;210;212;210;210;253;BV-ANTIVERBLINDINGSSCHERM-SO;;;218;215;http://digitalbuildingdata.tech/nlcs/def/0823a49d-019b-416f-95bf-9013eb96e240;http://digitalbuildingdata.tech/nlcs/def/75af1d75-9a24-4000-a221-86f8b78d3a61
GELEIDECONSTRUCTIE_GELEIDERAIL_ANTIVERBLINDINGSSCHERM_LAMELLEN;*;-;**;-;BV;-;GELEIDECONSTRUCTIE;_;GELEIDERAIL;_;ANTIVERBLINDINGSSCHERM;_;LAMELLEN;;;;;;;;;;;*-**-BV-GELEIDECONSTRUCTIE_GELEIDERAIL_ANTIVERBLINDINGSSCHERM_LAMELLEN;0.18;210;212;210;210;253;BV-ANTIVERBLINDINGSSCHERM-SO;0.35;210;212;210;210;253;BV-ANTIVERBLINDINGSSCHERM-SO;0.35;210;212;210;210;253;V-BV-ANTIVERBLINDINGSSCHERM-SO;0.35;210;212;210;210;253;BV-ANTIVERBLINDINGSSCHERM-SO;;;216;215;http://digitalbuildingdata.tech/nlcs/def/a4ab3385-3d28-478e-80ec-74dbeb73d994;http://digitalbuildingdata.tech/nlcs/def/75af1d75-9a24-4000-a221-86f8b78d3a61
GELEIDECONSTRUCTIE_GELEIDERAIL_ANTIVERBLINDINGSSCHERM_SCHERM;*;-;**;-;BV;-;GELEIDECONSTRUCTIE;_;GELEIDERAIL;_;ANTIVERBLINDINGSSCHERM;_;SCHERM;;;;;;;;;;;*-**-BV-GELEIDECONSTRUCTIE_GELEIDERAIL_ANTIVERBLINDINGSSCHERM_SCHERM;0.18;210;212;210;210;253;BV-ANTIVERBLINDINGSSCHERM-SO;0.35;210;212;210;210;253;BV-ANTIVERBLINDINGSSCHERM-SO;0.35;210;212;210;210;253;V-BV-ANTIVERBLINDINGSSCHERM-SO;0.35;210;212;210;210;253;BV-ANTIVERBLINDINGSSCHERM-SO;;;217;215;http://digitalbuildingdata.tech/nlcs/def/665a49c9-fca1-458f-b0aa-41490fb5b562;http://digitalbuildingdata.tech/nlcs/def/75af1d75-9a24-4000-a221-86f8b78d3a61
GELEIDECONSTRUCTIE_GELEIDERAIL_DOORGANG;*;-;**;-;BV;-;GELEIDECONSTRUCTIE;_;GELEIDERAIL;_;DOORGANG;;;;;;;;;;;;;*-**-BV-GELEIDECONSTRUCTIE_GELEIDERAIL_DOORGANG;0.18;210;212;210;210;253;CONTINUOUS;0.35;210;212;210;210;253;CONTINUOUS;0.35;210;212;210;210;253;V-CONTINUOUS-SO;0.35;210;212;210;210;253;CONTINUOUS;;;219;168;http://digitalbuildingdata.tech/nlcs/def/c216e2e6-e7fb-412b-a3c8-96d4f6c2995f;http://digitalbuildingdata.tech/nlcs/def/84e4442e-8623-4f36-8b94-ffa4bfd88f05
GELEIDECONSTRUCTIE_GELEIDERAIL_KOPPELING;*;-;**;-;BV;-;GELEIDECONSTRUCTIE;_;GELEIDERAIL;_;KOPPELING;;;;;;;;;;;;;*-**-BV-GELEIDECONSTRUCTIE_GELEIDERAIL_KOPPELING;0.18;210;212;210;210;253;CONTINUOUS;0.35;210;212;210;210;253;CONTINUOUS;0.35;210;212;210;210;253;V-CONTINUOUS-SO;0.35;210;212;210;210;253;CONTINUOUS;;;220;168;http://digitalbuildingdata.tech/nlcs/def/e6fd30ed-ed03-4863-86ca-12f7abbbc53a;http://digitalbuildingdata.tech/nlcs/def/84e4442e-8623-4f36-8b94-ffa4bfd88f05
GELEIDECONSTRUCTIE_GELEIDERAIL_KUNSTWERK;*;-;**;-;BV;-;GELEIDECONSTRUCTIE;_;GELEIDERAIL;_;KUNSTWERK;;;;;;;;;;;;;*-**-BV-GELEIDECONSTRUCTIE_GELEIDERAIL_KUNSTWERK;0.18;210;212;210;210;253;BV-GELEIDERAIL_K-SO;0.35;210;212;210;210;253;BV-GELEIDERAIL_K-SO;0.35;210;212;210;210;253;V-BV-GELEIDERAIL_K-SO;0.35;210;212;210;210;253;BV-GELEIDERAIL_K-SO;;;189;168;http://digitalbuildingdata.tech/nlcs/def/6fa3f573-3b62-4e37-8f30-e2b52115523b;http://digitalbuildingdata.tech/nlcs/def/84e4442e-8623-4f36-8b94-ffa4bfd88f05
GELEIDECONSTRUCTIE_GELEIDERAIL_KUNSTWERK_F2DL40080;*;-;**;-;BV;-;GELEIDECONSTRUCTIE;_;GELEIDERAIL;_;KUNSTWERK;_;F2DL40080;;;;;;;;;;;*-**-BV-GELEIDECONSTRUCTIE_GELEIDERAIL_KUNSTWERK_F2DL40080;0.18;210;212;210;210;253;BV-F2DL40080-SO;0.35;210;212;210;210;253;BV-F2DL40080-SO;0.35;210;212;210;210;253;V-BV-F2DL40080-SO;0.35;210;212;210;210;253;BV-F2DL40080-SO;;;190;189;http://digitalbuildingdata.tech/nlcs/def/5fc6505d-b298-4370-a588-6bc1b7d3a60d;http://digitalbuildingdata.tech/nlcs/def/6fa3f573-3b62-4e37-8f30-e2b52115523b
GELEIDECONSTRUCTIE_GELEIDERAIL_KUNSTWERK_VLP1DL13360;*;-;**;-;BV;-;GELEIDECONSTRUCTIE;_;GELEIDERAIL;_;KUNSTWERK;_;VLP1DL13360;;;;;;;;;;;*-**-BV-GELEIDECONSTRUCTIE_GELEIDERAIL_KUNSTWERK_VLP1DL13360;0.18;210;212;210;210;253;BV-VLP1DL13360-SO;0.35;210;212;210;210;253;BV-VLP1DL13360-SO;0.35;210;212;210;210;253;V-BV-VLP1DL13360-SO;0.35;210;212;210;210;253;BV-VLP1DL13360-SO;;;197;189;http://digitalbuildingdata.tech/nlcs/def/e6cc5bbb-2372-48f9-9965-9669f8432cfb;http://digitalbuildingdata.tech/nlcs/def/6fa3f573-3b62-4e37-8f30-e2b52115523b
GELEIDECONSTRUCTIE_GELEIDERAIL_KUNSTWERK_VLP1DL13360_LINKS;*;-;**;-;BV;-;GELEIDECONSTRUCTIE;_;GELEIDERAIL;_;KUNSTWERK;_;VLP1DL13360;_;LINKS;;;;;;;;;*-**-BV-GELEIDECONSTRUCTIE_GELEIDERAIL_KUNSTWERK_VLP1DL13360_LINKS;0.18;210;212;210;210;253;BV-VLP1DL13360-SO;0.35;210;212;210;210;253;BV-VLP1DL13360-SO;0.35;210;212;210;210;253;V-BV-VLP1DL13360-SO;0.35;210;212;210;210;253;BV-VLP1DL13360-SO;;;198;197;http://digitalbuildingdata.tech/nlcs/def/bca9a3d8-6eb4-40a2-a0f4-41ba7bb53426;http://digitalbuildingdata.tech/nlcs/def/e6cc5bbb-2372-48f9-9965-9669f8432cfb
GELEIDECONSTRUCTIE_GELEIDERAIL_KUNSTWERK_VLP1DL13360_RECHTS;*;-;**;-;BV;-;GELEIDECONSTRUCTIE;_;GELEIDERAIL;_;KUNSTWERK;_;VLP1DL13360;_;RECHTS;;;;;;;;;*-**-BV-GELEIDECONSTRUCTIE_GELEIDERAIL_KUNSTWERK_VLP1DL13360_RECHTS;0.18;210;212;210;210;253;BV-VLP1DL13360-SO;0.35;210;212;210;210;253;BV-VLP1DL13360-SO;0.35;210;212;210;210;253;V-BV-VLP1DL13360-SO;0.35;210;212;210;210;253;BV-VLP1DL13360-SO;;;199;197;http://digitalbuildingdata.tech/nlcs/def/dc2f0937-3c4c-4301-ad0e-c5974504c1f8;http://digitalbuildingdata.tech/nlcs/def/e6cc5bbb-2372-48f9-9965-9669f8432cfb
GELEIDECONSTRUCTIE_GELEIDERAIL_KUNSTWERK_VLP1LV13360;*;-;**;-;BV;-;GELEIDECONSTRUCTIE;_;GELEIDERAIL;_;KUNSTWERK;_;VLP1LV13360;;;;;;;;;;;*-**-BV-GELEIDECONSTRUCTIE_GELEIDERAIL_KUNSTWERK_VLP1LV13360;0.18;210;212;210;210;253;BV-VLP1LV13360-SO;0.35;210;212;210;210;253;BV-VLP1LV13360-SO;0.35;210;212;210;210;253;V-BV-VLP1LV13360-SO;0.35;210;212;210;210;253;BV-VLP1LV13360-SO;;;200;189;http://digitalbuildingdata.tech/nlcs/def/a592c330-3eb5-4707-8795-1e6174c16d6f;http://digitalbuildingdata.tech/nlcs/def/6fa3f573-3b62-4e37-8f30-e2b52115523b
GELEIDECONSTRUCTIE_GELEIDERAIL_KUNSTWERK_VLP1LV13360_LINKS;*;-;**;-;BV;-;GELEIDECONSTRUCTIE;_;GELEIDERAIL;_;KUNSTWERK;_;VLP1LV13360;_;LINKS;;;;;;;;;*-**-BV-GELEIDECONSTRUCTIE_GELEIDERAIL_KUNSTWERK_VLP1LV13360_LINKS;0.18;210;212;210;210;253;BV-VLP1LV13360-SO;0.35;210;212;210;210;253;BV-VLP1LV13360-SO;0.35;210;212;210;210;253;V-BV-VLP1LV13360-SO;0.35;210;212;210;210;253;BV-VLP1LV13360-SO;;;201;200;http://digitalbuildingdata.tech/nlcs/def/c8875649-d128-4a3f-b0eb-49d6c963541b;http://digitalbuildingdata.tech/nlcs/def/a592c330-3eb5-4707-8795-1e6174c16d6f
GELEIDECONSTRUCTIE_GELEIDERAIL_KUNSTWERK_VLP1LV13360_RECHTS;*;-;**;-;BV;-;GELEIDECONSTRUCTIE;_;GELEIDERAIL;_;KUNSTWERK;_;VLP1LV13360;_;RECHTS;;;;;;;;;*-**-BV-GELEIDECONSTRUCTIE_GELEIDERAIL_KUNSTWERK_VLP1LV13360_RECHTS;0.18;210;212;210;210;253;BV-VLP1LV13360-SO;0.35;210;212;210;210;253;BV-VLP1LV13360-SO;0.35;210;212;210;210;253;V-BV-VLP1LV13360-SO;0.35;210;212;210;210;253;BV-VLP1LV13360-SO;;;202;200;http://digitalbuildingdata.tech/nlcs/def/5c81d270-d88b-4d3d-8c6c-b9da57434d66;http://digitalbuildingdata.tech/nlcs/def/a592c330-3eb5-4707-8795-1e6174c16d6f
GELEIDECONSTRUCTIE_GELEIDERAIL_KUNSTWERK_VLP1R13360;*;-;**;-;BV;-;GELEIDECONSTRUCTIE;_;GELEIDERAIL;_;KUNSTWERK;_;VLP1R13360;;;;;;;;;;;*-**-BV-GELEIDECONSTRUCTIE_GELEIDERAIL_KUNSTWERK_VLP1R13360;0.18;210;212;210;210;253;BV-VLP1R13360-SO;0.35;210;212;210;210;253;BV-VLP1R13360-SO;0.35;210;212;210;210;253;V-BV-VLP1R13360-SO;0.35;210;212;210;210;253;BV-VLP1R13360-SO;;;203;189;http://digitalbuildingdata.tech/nlcs/def/b8fb95f4-f7da-4a02-a4e0-13bcbac2cdbe;http://digitalbuildingdata.tech/nlcs/def/6fa3f573-3b62-4e37-8f30-e2b52115523b
GELEIDECONSTRUCTIE_GELEIDERAIL_KUNSTWERK_VLP1R13360_LINKS;*;-;**;-;BV;-;GELEIDECONSTRUCTIE;_;GELEIDERAIL;_;KUNSTWERK;_;VLP1R13360;_;LINKS;;;;;;;;;*-**-BV-GELEIDECONSTRUCTIE_GELEIDERAIL_KUNSTWERK_VLP1R13360_LINKS;0.18;210;212;210;210;253;BV-VLP1R13360-SO;0.35;210;212;210;210;253;BV-VLP1R13360-SO;0.35;210;212;210;210;253;V-BV-VLP1R13360-SO;0.35;210;212;210;210;253;BV-VLP1R13360-SO;;;204;203;http://digitalbuildingdata.tech/nlcs/def/d1d99231-0a53-4dc3-b7ad-a3f490255be7;http://digitalbuildingdata.tech/nlcs/def/b8fb95f4-f7da-4a02-a4e0-13bcbac2cdbe
GELEIDECONSTRUCTIE_GELEIDERAIL_KUNSTWERK_VLP1R13360_RECHTS;*;-;**;-;BV;-;GELEIDECONSTRUCTIE;_;GELEIDERAIL;_;KUNSTWERK;_;VLP1R13360;_;RECHTS;;;;;;;;;*-**-BV-GELEIDECONSTRUCTIE_GELEIDERAIL_KUNSTWERK_VLP1R13360_RECHTS;0.18;210;212;210;210;253;BV-VLP1R13360-SO;0.35;210;212;210;210;253;BV-VLP1R13360-SO;0.35;210;212;210;210;253;V-BV-VLP1R13360-SO;0.35;210;212;210;210;253;BV-VLP1R13360-SO;;;205;203;http://digitalbuildingdata.tech/nlcs/def/3c61ea3e-3da0-4992-9e91-be78a2d79d94;http://digitalbuildingdata.tech/nlcs/def/b8fb95f4-f7da-4a02-a4e0-13bcbac2cdbe
GELEIDECONSTRUCTIE_GELEIDERAIL_KUNSTWERK_VLP2DL13380;*;-;**;-;BV;-;GELEIDECONSTRUCTIE;_;GELEIDERAIL;_;KUNSTWERK;_;VLP2DL13380;;;;;;;;;;;*-**-BV-GELEIDECONSTRUCTIE_GELEIDERAIL_KUNSTWERK_VLP2DL13380;0.18;210;212;210;210;253;BV-VLP2DL13380-SO;0.35;210;212;210;210;253;BV-VLP2DL13380-SO;0.35;210;212;210;210;253;V-BV-VLP2DL13380-SO;0.35;210;212;210;210;253;BV-VLP2DL13380-SO;;;191;189;http://digitalbuildingdata.tech/nlcs/def/ab9a92f8-5002-490f-b937-d580629e04ac;http://digitalbuildingdata.tech/nlcs/def/6fa3f573-3b62-4e37-8f30-e2b52115523b
GELEIDECONSTRUCTIE_GELEIDERAIL_KUNSTWERK_VLP2DL13380_LINKS;*;-;**;-;BV;-;GELEIDECONSTRUCTIE;_;GELEIDERAIL;_;KUNSTWERK;_;VLP2DL13380;_;LINKS;;;;;;;;;*-**-BV-GELEIDECONSTRUCTIE_GELEIDERAIL_KUNSTWERK_VLP2DL13380_LINKS;0.18;210;212;210;210;253;BV-VLP2DL13380-SO;0.35;210;212;210;210;253;BV-VLP2DL13380-SO;0.35;210;212;210;210;253;V-BV-VLP2DL13380-SO;0.35;210;212;210;210;253;BV-VLP2DL13380-SO;;;192;191;http://digitalbuildingdata.tech/nlcs/def/c4c37434-5f55-4d2c-8cd1-ac0328c94ef5;http://digitalbuildingdata.tech/nlcs/def/ab9a92f8-5002-490f-b937-d580629e04ac
GELEIDECONSTRUCTIE_GELEIDERAIL_KUNSTWERK_VLP2DL13380_RECHTS;*;-;**;-;BV;-;GELEIDECONSTRUCTIE;_;GELEIDERAIL;_;KUNSTWERK;_;VLP2DL13380;_;RECHTS;;;;;;;;;*-**-BV-GELEIDECONSTRUCTIE_GELEIDERAIL_KUNSTWERK_VLP2DL13380_RECHTS;0.18;210;212;210;210;253;BV-VLP2DL13380-SO;0.35;210;212;210;210;253;BV-VLP2DL13380-SO;0.35;210;212;210;210;253;V-BV-VLP2DL13380-SO;0.35;210;212;210;210;253;BV-VLP2DL13380-SO;;;193;191;http://digitalbuildingdata.tech/nlcs/def/0bfceba8-9553-4466-95cf-a7c756aff13b;http://digitalbuildingdata.tech/nlcs/def/ab9a92f8-5002-490f-b937-d580629e04ac
GELEIDECONSTRUCTIE_GELEIDERAIL_KUNSTWERK_VLP2R13380;*;-;**;-;BV;-;GELEIDECONSTRUCTIE;_;GELEIDERAIL;_;KUNSTWERK;_;VLP2R13380;;;;;;;;;;;*-**-BV-GELEIDECONSTRUCTIE_GELEIDERAIL_KUNSTWERK_VLP2R13380;0.18;210;212;210;210;253;BV-VLP2R13380-SO;0.35;210;212;210;210;253;BV-VLP2DL13380-SO;0.35;210;212;210;210;253;V-BV-VLP2R13380-SO;0.35;210;212;210;210;253;BV-VLP2DL13380-SO;;;194;189;http://digitalbuildingdata.tech/nlcs/def/0b58638e-c3e3-4065-bdee-15afd99012e1;http://digitalbuildingdata.tech/nlcs/def/6fa3f573-3b62-4e37-8f30-e2b52115523b
GELEIDECONSTRUCTIE_GELEIDERAIL_KUNSTWERK_VLP2R13380_LINKS;*;-;**;-;BV;-;GELEIDECONSTRUCTIE;_;GELEIDERAIL;_;KUNSTWERK;_;VLP2R13380;_;LINKS;;;;;;;;;*-**-BV-GELEIDECONSTRUCTIE_GELEIDERAIL_KUNSTWERK_VLP2R13380_LINKS;0.18;210;212;210;210;253;BV-VLP2R13380-SO;0.35;210;212;210;210;253;BV-VLP2R13380-SO;0.35;210;212;210;210;253;V-BV-VLP2R13380-SO;0.35;210;212;210;210;253;BV-VLP2R13380-SO;;;195;194;http://digitalbuildingdata.tech/nlcs/def/9dde0417-31f5-44e2-93d3-b0e31746f07e;http://digitalbuildingdata.tech/nlcs/def/0b58638e-c3e3-4065-bdee-15afd99012e1
GELEIDECONSTRUCTIE_GELEIDERAIL_KUNSTWERK_VLP2R13380_RECHTS;*;-;**;-;BV;-;GELEIDECONSTRUCTIE;_;GELEIDERAIL;_;KUNSTWERK;_;VLP2R13380;_;RECHTS;;;;;;;;;*-**-BV-GELEIDECONSTRUCTIE_GELEIDERAIL_KUNSTWERK_VLP2R13380_RECHTS;0.18;210;212;210;210;253;BV-VLP2R13380-SO;0.35;210;212;210;210;253;BV-VLP2R13380-SO;0.35;210;212;210;210;253;V-BV-VLP2R13380-SO;0.35;210;212;210;210;253;BV-VLP2R13380-SO;;;196;194;http://digitalbuildingdata.tech/nlcs/def/cb99e358-28c0-46ea-aa77-b23767a9b98c;http://digitalbuildingdata.tech/nlcs/def/0b58638e-c3e3-4065-bdee-15afd99012e1
GELEIDECONSTRUCTIE_GELEIDERAIL_OVERGANG;*;-;**;-;BV;-;GELEIDECONSTRUCTIE;_;GELEIDERAIL;_;OVERGANG;;;;;;;;;;;;;*-**-BV-GELEIDECONSTRUCTIE_GELEIDERAIL_OVERGANG;0.18;210;212;210;210;253;CONTINUOUS;0.35;210;212;210;210;253;CONTINUOUS;0.35;210;212;210;210;253;V-CONTINUOUS-SO;0.35;210;212;210;210;253;CONTINUOUS;;;206;168;http://digitalbuildingdata.tech/nlcs/def/4dd472d1-e98e-4f8f-98b9-1ae5e9826e1c;http://digitalbuildingdata.tech/nlcs/def/84e4442e-8623-4f36-8b94-ffa4bfd88f05
GELEIDECONSTRUCTIE_GELEIDERAIL_OVERGANG_6080;*;-;**;-;BV;-;GELEIDECONSTRUCTIE;_;GELEIDERAIL;_;OVERGANG;_;6080;;;;;;;;;;;*-**-BV-GELEIDECONSTRUCTIE_GELEIDERAIL_OVERGANG_6080;0.18;210;212;210;210;253;CONTINUOUS;0.35;210;212;210;210;253;CONTINUOUS;0.35;210;212;210;210;253;V-CONTINUOUS-SO;0.35;210;212;210;210;253;CONTINUOUS;;;207;206;http://digitalbuildingdata.tech/nlcs/def/44261866-8a22-46a1-a154-406a8bc1faec;http://digitalbuildingdata.tech/nlcs/def/4dd472d1-e98e-4f8f-98b9-1ae5e9826e1c
GELEIDECONSTRUCTIE_GELEIDERAIL_OVERGANG_8060;*;-;**;-;BV;-;GELEIDECONSTRUCTIE;_;GELEIDERAIL;_;OVERGANG;_;8060;;;;;;;;;;;*-**-BV-GELEIDECONSTRUCTIE_GELEIDERAIL_OVERGANG_8060;0.18;210;212;210;210;253;CONTINUOUS;0.35;210;212;210;210;253;CONTINUOUS;0.35;210;212;210;210;253;V-CONTINUOUS-SO;0.35;210;212;210;210;253;CONTINUOUS;;;208;206;http://digitalbuildingdata.tech/nlcs/def/88669a61-d764-4f20-be39-6077420b64d9;http://digitalbuildingdata.tech/nlcs/def/4dd472d1-e98e-4f8f-98b9-1ae5e9826e1c
GELEIDECONSTRUCTIE_GELEIDERAIL_OVERGANG_PASPLANK;*;-;**;-;BV;-;GELEIDECONSTRUCTIE;_;GELEIDERAIL;_;OVERGANG;_;PASPLANK;;;;;;;;;;;*-**-BV-GELEIDECONSTRUCTIE_GELEIDERAIL_OVERGANG_PASPLANK;0.18;210;212;210;210;253;CONTINUOUS;0.35;210;212;210;210;253;CONTINUOUS;0.35;210;212;210;210;253;V-CONTINUOUS-SO;0.35;210;212;210;210;253;CONTINUOUS;;;211;206;http://digitalbuildingdata.tech/nlcs/def/5cfa59c2-8337-4b07-bff4-ca5b407c7da9;http://digitalbuildingdata.tech/nlcs/def/4dd472d1-e98e-4f8f-98b9-1ae5e9826e1c
GELEIDECONSTRUCTIE_GELEIDERAIL_OVERGANG_SCHUIFVERBINDING;*;-;**;-;BV;-;GELEIDECONSTRUCTIE;_;GELEIDERAIL;_;OVERGANG;_;SCHUIFVERBINDING;;;;;;;;;;;*-**-BV-GELEIDECONSTRUCTIE_GELEIDERAIL_OVERGANG_SCHUIFVERBINDING;0.18;210;212;210;210;253;CONTINUOUS;0.35;210;212;210;210;253;CONTINUOUS;0.35;210;212;210;210;253;V-CONTINUOUS-SO;0.35;210;212;210;210;253;CONTINUOUS;;;210;206;http://digitalbuildingdata.tech/nlcs/def/4c42a181-d7b2-46ab-9396-7f23e51236d3;http://digitalbuildingdata.tech/nlcs/def/4dd472d1-e98e-4f8f-98b9-1ae5e9826e1c
GELEIDECONSTRUCTIE_GELEIDERAIL_OVERGANG_SPLITSING;*;-;**;-;BV;-;GELEIDECONSTRUCTIE;_;GELEIDERAIL;_;OVERGANG;_;SPLITSING;;;;;;;;;;;*-**-BV-GELEIDECONSTRUCTIE_GELEIDERAIL_OVERGANG_SPLITSING;0.18;210;212;210;210;253;CONTINUOUS;0.35;210;212;210;210;253;CONTINUOUS;0.35;210;212;210;210;253;V-CONTINUOUS-SO;0.35;210;212;210;210;253;CONTINUOUS;;;209;206;http://digitalbuildingdata.tech/nlcs/def/d0cd691b-1c3d-409f-a29d-cd727595b54b;http://digitalbuildingdata.tech/nlcs/def/4dd472d1-e98e-4f8f-98b9-1ae5e9826e1c
GELEIDECONSTRUCTIE_GELEIDERAIL_OVERSTAPCONSTRUCTIE;*;-;**;-;BV;-;GELEIDECONSTRUCTIE;_;GELEIDERAIL;_;OVERSTAPCONSTRUCTIE;;;;;;;;;;;;;*-**-BV-GELEIDECONSTRUCTIE_GELEIDERAIL_OVERSTAPCONSTRUCTIE;0.18;210;212;210;210;253;CONTINUOUS;0.35;210;212;210;210;253;CONTINUOUS;0.35;210;212;210;210;253;V-CONTINUOUS-SO;0.35;210;212;210;210;253;CONTINUOUS;;;212;168;http://digitalbuildingdata.tech/nlcs/def/669b555e-0d01-4a85-ba3d-84e845be5ba4;http://digitalbuildingdata.tech/nlcs/def/84e4442e-8623-4f36-8b94-ffa4bfd88f05
GELEIDECONSTRUCTIE_GELEIDERAIL_OVERSTAPCONSTRUCTIE_600;*;-;**;-;BV;-;GELEIDECONSTRUCTIE;_;GELEIDERAIL;_;OVERSTAPCONSTRUCTIE;_;600;;;;;;;;;;;*-**-BV-GELEIDECONSTRUCTIE_GELEIDERAIL_OVERSTAPCONSTRUCTIE_600;0.18;210;212;210;210;253;CONTINUOUS;0.35;210;212;210;210;253;CONTINUOUS;0.35;210;212;210;210;253;V-CONTINUOUS-SO;0.35;210;212;210;210;253;CONTINUOUS;;;213;212;http://digitalbuildingdata.tech/nlcs/def/67ca2b84-e824-4762-92af-065eac6a6a21;http://digitalbuildingdata.tech/nlcs/def/669b555e-0d01-4a85-ba3d-84e845be5ba4
GELEIDECONSTRUCTIE_GELEIDERAIL_OVERSTAPCONSTRUCTIE_800;*;-;**;-;BV;-;GELEIDECONSTRUCTIE;_;GELEIDERAIL;_;OVERSTAPCONSTRUCTIE;_;800;;;;;;;;;;;*-**-BV-GELEIDECONSTRUCTIE_GELEIDERAIL_OVERSTAPCONSTRUCTIE_800;0.18;210;212;210;210;253;CONTINUOUS;0.35;210;212;210;210;253;CONTINUOUS;0.35;210;212;210;210;253;V-CONTINUOUS-SO;0.35;210;212;210;210;253;CONTINUOUS;;;214;212;http://digitalbuildingdata.tech/nlcs/def/a9ea4f60-8239-424d-9905-408677706c7d;http://digitalbuildingdata.tech/nlcs/def/669b555e-0d01-4a85-ba3d-84e845be5ba4
GELEIDECONSTRUCTIE_GELEIDERAIL_VERANKERING;*;-;**;-;BV;-;GELEIDECONSTRUCTIE;_;GELEIDERAIL;_;VERANKERING;;;;;;;;;;;;;*-**-BV-GELEIDECONSTRUCTIE_GELEIDERAIL_VERANKERING;0.18;210;212;210;210;253;CONTINUOUS;0.35;210;212;210;210;253;CONTINUOUS;0.35;210;212;210;210;253;V-CONTINUOUS-SO;0.35;210;212;210;210;253;CONTINUOUS;;;221;168;http://digitalbuildingdata.tech/nlcs/def/92b13fd2-21ff-4b47-916d-747768900cd7;http://digitalbuildingdata.tech/nlcs/def/84e4442e-8623-4f36-8b94-ffa4bfd88f05
GELEIDECONSTRUCTIE_GELEIDERAIL_VERANKERING_BOVENGRONDS;*;-;**;-;BV;-;GELEIDECONSTRUCTIE;_;GELEIDERAIL;_;VERANKERING;_;BOVENGRONDS;;;;;;;;;;;*-**-BV-GELEIDECONSTRUCTIE_GELEIDERAIL_VERANKERING_BOVENGRONDS;0.18;210;212;210;210;253;CONTINUOUS;0.35;210;212;210;210;253;CONTINUOUS;0.35;210;212;210;210;253;V-CONTINUOUS-SO;0.35;210;212;210;210;253;CONTINUOUS;;;226;221;http://digitalbuildingdata.tech/nlcs/def/2e421d07-da2e-4849-85d1-19b0c47130e6;http://digitalbuildingdata.tech/nlcs/def/92b13fd2-21ff-4b47-916d-747768900cd7
GELEIDECONSTRUCTIE_GELEIDERAIL_VERANKERING_KORTLINKS;*;-;**;-;BV;-;GELEIDECONSTRUCTIE;_;GELEIDERAIL;_;VERANKERING;_;KORTLINKS;;;;;;;;;;;*-**-BV-GELEIDECONSTRUCTIE_GELEIDERAIL_VERANKERING_KORTLINKS;0.18;210;212;210;210;253;CONTINUOUS;0.35;210;212;210;210;253;CONTINUOUS;0.35;210;212;210;210;253;V-CONTINUOUS-SO;0.35;210;212;210;210;253;CONTINUOUS;;;225;221;http://digitalbuildingdata.tech/nlcs/def/89068379-c178-4012-9bf5-077d0e8bb55e;http://digitalbuildingdata.tech/nlcs/def/92b13fd2-21ff-4b47-916d-747768900cd7
GELEIDECONSTRUCTIE_GELEIDERAIL_VERANKERING_KORTRECHTS;*;-;**;-;BV;-;GELEIDECONSTRUCTIE;_;GELEIDERAIL;_;VERANKERING;_;KORTRECHTS;;;;;;;;;;;*-**-BV-GELEIDECONSTRUCTIE_GELEIDERAIL_VERANKERING_KORTRECHTS;0.18;210;212;210;210;253;CONTINUOUS;0.35;210;212;210;210;253;CONTINUOUS;0.35;210;212;210;210;253;V-CONTINUOUS-SO;0.35;210;212;210;210;253;CONTINUOUS;;;223;221;http://digitalbuildingdata.tech/nlcs/def/b9e4db6b-4df7-4b86-9d54-2456ae78254d;http://digitalbuildingdata.tech/nlcs/def/92b13fd2-21ff-4b47-916d-747768900cd7
GELEIDECONSTRUCTIE_GELEIDERAIL_VERANKERING_LINKS;*;-;**;-;BV;-;GELEIDECONSTRUCTIE;_;GELEIDERAIL;_;VERANKERING;_;LINKS;;;;;;;;;;;*-**-BV-GELEIDECONSTRUCTIE_GELEIDERAIL_VERANKERING_LINKS;0.18;210;212;210;210;253;CONTINUOUS;0.35;210;212;210;210;253;CONTINUOUS;0.35;210;212;210;210;253;V-CONTINUOUS-SO;0.35;210;212;210;210;253;CONTINUOUS;;;224;221;http://digitalbuildingdata.tech/nlcs/def/b5f52c0a-e5c2-4806-a2a9-1e451b5d7e81;http://digitalbuildingdata.tech/nlcs/def/92b13fd2-21ff-4b47-916d-747768900cd7
GELEIDECONSTRUCTIE_GELEIDERAIL_VERANKERING_RECHTS;*;-;**;-;BV;-;GELEIDECONSTRUCTIE;_;GELEIDERAIL;_;VERANKERING;_;RECHTS;;;;;;;;;;;*-**-BV-GELEIDECONSTRUCTIE_GELEIDERAIL_VERANKERING_RECHTS;0.18;210;212;210;210;253;CONTINUOUS;0.35;210;212;210;210;253;CONTINUOUS;0.35;210;212;210;210;253;V-CONTINUOUS-SO;0.35;210;212;210;210;253;CONTINUOUS;;;222;221;http://digitalbuildingdata.tech/nlcs/def/4a85383c-5965-4d66-beed-cd1c75f86284;http://digitalbuildingdata.tech/nlcs/def/92b13fd2-21ff-4b47-916d-747768900cd7
LEUNING;*;-;**;-;BV;-;LEUNING;;;;;;;;;;;;;;;;SBV-LEUNING;*-**-BV-LEUNING;0.18;210;212;210;210;253;BV-LEUNING-SO;0.35;210;212;210;210;253;BV-LEUNING-SO;0.35;210;212;210;210;253;V-BV-LEUNING-SO;0.35;210;212;210;210;253;BV-LEUNING-SO;;;233;;http://digitalbuildingdata.tech/nlcs/def/c29f969d-86f5-456e-a620-d42fb30565f0;
OBSTAKELBEVEILIGER;*;-;**;-;BV;-;OBSTAKELBEVEILIGER;;;;;;;;;;;;;;;;;*-**-BV-OBSTAKELBEVEILIGER;0.18;210;212;210;210;253;CONTINUOUS;0.35;210;212;210;210;253;CONTINUOUS;0.35;210;212;210;210;253;V-CONTINUOUS-SO;0.35;210;212;210;210;253;CONTINUOUS;;;228;;http://digitalbuildingdata.tech/nlcs/def/2f9641f9-249c-404a-8304-d248dc1ee0f5;
OBSTAKELBEVEILIGER_RIMOB;*;-;**;-;BV;-;OBSTAKELBEVEILIGER;_;RIMOB;;;;;;;;;;;;;;;*-**-BV-OBSTAKELBEVEILIGER_RIMOB;0.18;210;212;210;210;253;CONTINUOUS;0.35;210;212;210;210;253;CONTINUOUS;0.35;210;212;210;210;253;V-CONTINUOUS-SO;0.35;210;212;210;210;253;CONTINUOUS;;;229;228;http://digitalbuildingdata.tech/nlcs/def/aeb099b3-51c6-461e-b034-4be8e470fe0f;http://digitalbuildingdata.tech/nlcs/def/2f9641f9-249c-404a-8304-d248dc1ee0f5
OBSTAKELBEVEILIGER_RIMOB_P110;*;-;**;-;BV;-;OBSTAKELBEVEILIGER;_;RIMOB;_;P110;;;;;;;;;;;;;*-**-BV-OBSTAKELBEVEILIGER_RIMOB_P110;0.18;210;212;210;210;253;CONTINUOUS;0.35;210;212;210;210;253;CONTINUOUS;0.35;210;212;210;210;253;V-CONTINUOUS-SO;0.35;210;212;210;210;253;CONTINUOUS;;;232;229;http://digitalbuildingdata.tech/nlcs/def/a50b7921-8a5a-4ce2-b23b-ec1d741182b8;http://digitalbuildingdata.tech/nlcs/def/aeb099b3-51c6-461e-b034-4be8e470fe0f
OBSTAKELBEVEILIGER_RIMOB_V185;*;-;**;-;BV;-;OBSTAKELBEVEILIGER;_;RIMOB;_;V185;;;;;;;;;;;;;*-**-BV-OBSTAKELBEVEILIGER_RIMOB_V185;0.18;210;212;210;210;253;CONTINUOUS;0.35;210;212;210;210;253;CONTINUOUS;0.35;210;212;210;210;253;V-CONTINUOUS-SO;0.35;210;212;210;210;253;CONTINUOUS;;;231;229;http://digitalbuildingdata.tech/nlcs/def/609f3cd0-ee9e-4c76-a371-5ce671ad1588;http://digitalbuildingdata.tech/nlcs/def/aeb099b3-51c6-461e-b034-4be8e470fe0f
OBSTAKELBEVEILIGER_RIMOB_V270;*;-;**;-;BV;-;OBSTAKELBEVEILIGER;_;RIMOB;_;V270;;;;;;;;;;;;;*-**-BV-OBSTAKELBEVEILIGER_RIMOB_V270;0.18;210;212;210;210;253;CONTINUOUS;0.35;210;212;210;210;253;CONTINUOUS;0.35;210;212;210;210;253;V-CONTINUOUS-SO;0.35;210;212;210;210;253;CONTINUOUS;;;230;229;http://digitalbuildingdata.tech/nlcs/def/c966cc9a-94e6-4f53-adec-5657a8bee6e3;http://digitalbuildingdata.tech/nlcs/def/aeb099b3-51c6-461e-b034-4be8e470fe0f
